pair,engagement by Utterance,engagement by Second,mean engagement by Utterance,mean engagement by Second,openness,conscientiousness,extraversion,agreeableness,neuroticism,openness difference,conscientiousness difference,extraversion difference,agreeableness difference,neuroticism difference
P011_P017,1.3324709077207604,1.2895347540312816,1.3299718824664803,1.2768737252973794,0.27,0.08,0.9,0.45,0.33,-0.03999999999999998,-0.15999999999999998,0.42000000000000004,0.2,-0.26999999999999996
P011_P025,1.555437020614035,1.4274472654605264,1.3299718824664803,1.2768737252973794,0.27,0.08,0.9,0.45,0.33,0.08000000000000002,-0.39999999999999997,0.35,0.10000000000000003,-0.03999999999999998
P011_P026,1.2710173272434455,1.1758746330979886,1.3299718824664803,1.2768737252973794,0.27,0.08,0.9,0.45,0.33,-0.07999999999999996,-0.48000000000000004,0.31000000000000005,0.0,-0.07
P017_P011,1.1241316668217107,1.1261454568329425,1.1350402072443817,1.0636953106229154,0.31,0.24,0.48,0.25,0.6,0.03999999999999998,0.15999999999999998,-0.42000000000000004,-0.2,0.26999999999999996
P017_P025,1.2897041388888884,1.2247508541666663,1.1350402072443817,1.0636953106229154,0.31,0.24,0.48,0.25,0.6,0.12,-0.24,-0.07000000000000006,-0.09999999999999998,0.22999999999999998
P017_P026,1.1017458976681287,1.0263878798031667,1.1350402072443817,1.0636953106229154,0.31,0.24,0.48,0.25,0.6,-0.03999999999999998,-0.32000000000000006,-0.10999999999999999,-0.2,0.19999999999999996
P025_P011,0.5458383688739783,0.5186806128021668,0.5261941432951663,0.47434514857569865,0.19,0.48,0.55,0.35,0.37,-0.08000000000000002,0.39999999999999997,-0.35,-0.10000000000000003,0.03999999999999998
P025_P017,0.4914841936118909,0.4740460257552165,0.5261941432951663,0.47434514857569865,0.19,0.48,0.55,0.35,0.37,-0.12,0.24,0.07000000000000006,0.09999999999999998,-0.22999999999999998
P025_P026,0.5100655914473685,0.513731444801027,0.5261941432951663,0.47434514857569865,0.19,0.48,0.55,0.35,0.37,-0.15999999999999998,-0.08000000000000007,-0.039999999999999925,-0.10000000000000003,-0.030000000000000027
P026_P011,1.1615646655072536,1.1571984413487635,1.1851617455434356,1.163608116880214,0.35,0.56,0.59,0.45,0.4,0.07999999999999996,0.48000000000000004,-0.31000000000000005,0.0,0.07
P026_P017,1.146637049169493,1.136634079693316,1.1851617455434356,1.163608116880214,0.35,0.56,0.59,0.45,0.4,0.03999999999999998,0.32000000000000006,0.10999999999999999,0.2,-0.19999999999999996
P026_P025,1.3151721666666667,1.4367527500000001,1.1851617455434356,1.163608116880214,0.35,0.56,0.59,0.45,0.4,0.15999999999999998,0.08000000000000007,0.039999999999999925,0.10000000000000003,0.030000000000000027
P019_P021,1.3205538991837231,1.2851552254725964,1.1712346616068317,1.1169639647946363,0.35,0.88,0.24,0.1,0.23,-0.11000000000000004,0.36,-0.24,-0.45000000000000007,0.06
P019_P024,1.1458010969298245,1.164551042617819,1.1712346616068317,1.1169639647946363,0.35,0.88,0.24,0.1,0.23,-0.15000000000000002,0.36,-0.42000000000000004,-0.7000000000000001,-0.17
P019_P027,1.122895820662768,1.122675591174907,1.1712346616068317,1.1169639647946363,0.35,0.88,0.24,0.1,0.23,0.07999999999999996,0.0,0.0,-0.75,-0.19999999999999998
P021_P019,1.154681259452909,1.1575833092411263,1.1084113670622606,1.0532554396941247,0.46,0.52,0.48,0.55,0.17,0.11000000000000004,-0.36,0.24,0.45000000000000007,-0.06
P021_P024,1.1293799637006658,1.0985407248882009,1.1084113670622606,1.0532554396941247,0.46,0.52,0.48,0.55,0.17,-0.03999999999999998,0.0,-0.18000000000000005,-0.25,-0.23
P021_P027,1.0621901315789477,1.05590802631579,1.1084113670622606,1.0532554396941247,0.46,0.52,0.48,0.55,0.17,0.19,-0.36,0.24,-0.29999999999999993,-0.26
P024_P019,1.3263119756232686,1.351422867747858,1.2505903860674572,1.196853652355743,0.5,0.52,0.66,0.8,0.4,0.15000000000000002,-0.36,0.42000000000000004,0.7000000000000001,0.17
P024_P021,1.2674740312587025,1.237417707207942,1.2505903860674572,1.196853652355743,0.5,0.52,0.66,0.8,0.4,0.03999999999999998,0.0,0.18000000000000005,0.25,0.23
P024_P027,1.122504433260234,1.0993591697368423,1.2505903860674572,1.196853652355743,0.5,0.52,0.66,0.8,0.4,0.22999999999999998,-0.36,0.42000000000000004,-0.04999999999999993,-0.02999999999999997
P027_P019,0.8469100050784859,0.9009702384740924,0.8600406717153674,0.8528500195232547,0.27,0.88,0.24,0.85,0.43,-0.07999999999999996,0.0,0.0,0.75,0.19999999999999998
P027_P021,0.835431062343359,0.8905244092887261,0.8600406717153674,0.8528500195232547,0.27,0.88,0.24,0.85,0.43,-0.19,0.36,-0.24,0.29999999999999993,0.26
P027_P024,0.7704199640350881,0.7618062979016171,0.8600406717153674,0.8528500195232547,0.27,0.88,0.24,0.85,0.43,-0.22999999999999998,0.36,-0.42000000000000004,0.04999999999999993,0.02999999999999997
P013_P031,1.1089887338724413,1.1089312789473684,1.237786638600174,1.143345045274297,0.85,0.0,0.59,0.5,0.53,0.7,-0.68,-0.17000000000000004,-0.25,0.06000000000000005
P013_P041,1.2954943646830555,1.2625565498204578,1.237786638600174,1.143345045274297,0.85,0.0,0.59,0.5,0.53,0.27,-0.92,0.039999999999999925,-0.19999999999999996,0.06000000000000005
P031_P013,1.1938999513488022,1.20579493139794,1.2240054213610692,1.1734355901492624,0.15,0.68,0.76,0.75,0.47,-0.7,0.68,0.17000000000000004,0.25,-0.06000000000000005
P031_P041,1.1712362766027722,1.1607787391505078,1.2240054213610692,1.1734355901492624,0.15,0.68,0.76,0.75,0.47,-0.42999999999999994,-0.24,0.20999999999999996,0.050000000000000044,0.0
P041_P013,1.215102720005659,1.1718949212614869,1.2497720817112499,1.1597073246443093,0.58,0.92,0.55,0.7,0.47,-0.27,0.92,-0.039999999999999925,0.19999999999999996,-0.06000000000000005
P041_P031,1.1820646417466194,1.1560016282683563,1.2497720817112499,1.1597073246443093,0.58,0.92,0.55,0.7,0.47,0.42999999999999994,0.24,-0.20999999999999996,-0.050000000000000044,0.0
P004_P012,1.0664793581927576,1.0796237602383483,1.1165313493742643,1.109501594923468,0.15,0.16,0.14,0.0,0.73,-0.35,-0.24000000000000002,-0.44999999999999996,-0.8,0.5
P004_P016,1.005323619674186,0.9844345726817044,1.1165313493742643,1.109501594923468,0.15,0.16,0.14,0.0,0.73,-0.47,-0.28,-0.31,-0.35,0.16000000000000003
P004_P036,1.088058780258837,1.0879477047158495,1.1165313493742643,1.109501594923468,0.15,0.16,0.14,0.0,0.73,-0.58,-0.43999999999999995,-0.58,-0.4,0.09999999999999998
P012_P004,1.122487703609127,1.1286371460227274,1.1991432170068081,1.123627636019358,0.5,0.4,0.59,0.8,0.23,0.35,0.24000000000000002,0.44999999999999996,0.8,-0.5
P012_P016,1.2006779929563491,1.2054151083333333,1.1991432170068081,1.123627636019358,0.5,0.4,0.59,0.8,0.23,-0.12,-0.03999999999999998,0.13999999999999996,0.45000000000000007,-0.33999999999999997
P012_P036,1.2195627244107032,1.2042878201823117,1.1991432170068081,1.123627636019358,0.5,0.4,0.59,0.8,0.23,-0.22999999999999998,-0.19999999999999996,-0.13,0.4,-0.4
P016_P004,1.0631367561257306,1.0532057150784158,1.0738076189175763,1.051078458526316,0.62,0.44,0.45,0.35,0.57,0.47,0.28,0.31,0.35,-0.16000000000000003
P016_P012,1.0391145997469637,1.042030376468634,1.0738076189175763,1.051078458526316,0.62,0.44,0.45,0.35,0.57,0.12,0.03999999999999998,-0.13999999999999996,-0.45000000000000007,0.33999999999999997
P016_P036,1.0941064305051424,1.0799870815464594,1.0738076189175763,1.051078458526316,0.62,0.44,0.45,0.35,0.57,-0.10999999999999999,-0.15999999999999998,-0.26999999999999996,-0.050000000000000044,-0.06000000000000005
P036_P004,1.162284776908382,1.1550579924973419,1.2355049366088113,1.1886463891660313,0.73,0.6,0.72,0.4,0.63,0.58,0.43999999999999995,0.58,0.4,-0.09999999999999998
P036_P012,1.2004431110792468,1.2149016440213538,1.2355049366088113,1.1886463891660313,0.73,0.6,0.72,0.4,0.63,0.22999999999999998,0.19999999999999996,0.13,-0.4,0.4
P036_P016,1.3573926652046784,1.3969480812447788,1.2355049366088113,1.1886463891660313,0.73,0.6,0.72,0.4,0.63,0.10999999999999999,0.15999999999999998,0.26999999999999996,0.050000000000000044,0.06000000000000005
P009_P039,1.2652967259815693,1.2460732688549763,1.2939172549390574,1.2400016054001541,0.31,0.2,0.48,0.55,0.23,0.03999999999999998,-0.52,-0.31000000000000005,0.25000000000000006,-0.37
P009_P042,1.2865859921412366,1.274361737140351,1.2939172549390574,1.2400016054001541,0.31,0.2,0.48,0.55,0.23,0.0,-0.32,0.16999999999999998,0.050000000000000044,-0.33999999999999997
P039_P009,1.2438281153021444,1.232634514389964,1.2574372920056824,1.2337750981659261,0.27,0.72,0.79,0.3,0.6,-0.03999999999999998,0.52,0.31000000000000005,-0.25000000000000006,0.37
P039_P042,1.2565294859952483,1.236869209613304,1.2574372920056824,1.2337750981659261,0.27,0.72,0.79,0.3,0.6,-0.03999999999999998,0.19999999999999996,0.48000000000000004,-0.2,0.030000000000000027
P042_P009,1.2107050178992222,1.1831519055443098,1.235730187080578,1.1974556416009923,0.31,0.52,0.31,0.5,0.57,0.0,0.32,-0.16999999999999998,-0.050000000000000044,0.33999999999999997
P042_P039,1.2052124817239975,1.1664156795889078,1.235730187080578,1.1974556416009923,0.31,0.52,0.31,0.5,0.57,0.03999999999999998,-0.19999999999999996,-0.48000000000000004,0.2,-0.030000000000000027
P015_P032,0.8613403950586478,0.8977887975493424,0.9785836151520113,0.9438625030428612,0.38,0.6,0.69,0.85,0.33,-0.30999999999999994,-0.36,-0.17000000000000004,0.25,0.16
P015_P045,0.9410501333960627,0.9201957732021495,0.9785836151520113,0.9438625030428612,0.38,0.6,0.69,0.85,0.33,-0.19999999999999996,0.48,0.5199999999999999,0.44999999999999996,-0.26999999999999996
P015_P056,0.9704259078947369,0.9642569329882085,0.9785836151520113,0.9438625030428612,0.38,0.6,0.69,0.85,0.33,0.15,-0.4,0.3499999999999999,0.09999999999999998,-0.07
P032_P015,1.2032851795495685,1.1897225110380116,1.2400737162564917,1.182122495260395,0.69,0.96,0.86,0.6,0.17,0.30999999999999994,0.36,0.17000000000000004,-0.25,-0.16
P032_P045,1.1421197152686406,1.1371837869843529,1.2400737162564917,1.182122495260395,0.69,0.96,0.86,0.6,0.17,0.10999999999999999,0.84,0.69,0.19999999999999996,-0.42999999999999994
P032_P056,1.240759458367132,1.2262540780030673,1.2400737162564917,1.182122495260395,0.69,0.96,0.86,0.6,0.17,0.45999999999999996,-0.040000000000000036,0.52,-0.15000000000000002,-0.23
P045_P015,1.2344309185763978,1.2253714267715858,1.2907052035567363,1.2297555777293645,0.58,0.12,0.17,0.4,0.6,0.19999999999999996,-0.48,-0.5199999999999999,-0.44999999999999996,0.26999999999999996
P045_P032,1.2036037042746603,1.1880330938111672,1.2907052035567363,1.2297555777293645,0.58,0.12,0.17,0.4,0.6,-0.10999999999999999,-0.84,-0.69,-0.19999999999999996,0.42999999999999994
P045_P056,1.2774226199242722,1.2953668663026499,1.2907052035567363,1.2297555777293645,0.58,0.12,0.17,0.4,0.6,0.35,-0.88,-0.17,-0.35,0.19999999999999996
P056_P015,1.198447550139237,1.176177774798107,1.1664432409849255,1.1072459098596557,0.23,1.0,0.34,0.75,0.4,-0.15,0.4,-0.3499999999999999,-0.09999999999999998,0.07
P056_P032,1.1279311614337568,1.1208797657054095,1.1664432409849255,1.1072459098596557,0.23,1.0,0.34,0.75,0.4,-0.45999999999999996,0.040000000000000036,-0.52,0.15000000000000002,0.23
P056_P045,1.1167516358460388,1.1135093919669672,1.1664432409849255,1.1072459098596557,0.23,1.0,0.34,0.75,0.4,-0.35,0.88,0.17,0.35,-0.19999999999999996
P003_P046,1.1366234448832848,1.1383275911114155,1.1747727221445043,1.1297812138577283,0.58,0.8,0.48,0.55,0.33,0.19999999999999996,0.36000000000000004,-0.31000000000000005,0.0,-0.2
P003_P051,1.240494818377193,1.2191089392105265,1.1747727221445043,1.1297812138577283,0.58,0.8,0.48,0.55,0.33,-0.3400000000000001,-0.15999999999999992,-0.49,-0.1499999999999999,0.13
P003_P053,1.1961779611025112,1.2079380827576756,1.1747727221445043,1.1297812138577283,0.58,0.8,0.48,0.55,0.33,-0.27,-0.039999999999999925,0.09999999999999998,-0.25,0.0
P046_P003,1.5270799555214905,1.4820775041666099,1.5055666356082458,1.4079713238560492,0.38,0.44,0.79,0.55,0.53,-0.19999999999999996,-0.36000000000000004,0.31000000000000005,0.0,0.2
P046_P051,1.583608122390781,1.5572192223907808,1.5055666356082458,1.4079713238560492,0.38,0.44,0.79,0.55,0.53,-0.54,-0.52,-0.17999999999999994,-0.1499999999999999,0.33
P046_P053,1.622157853751481,1.6213358002132068,1.5055666356082458,1.4079713238560492,0.38,0.44,0.79,0.55,0.53,-0.47,-0.39999999999999997,0.41000000000000003,-0.25,0.2
P051_P003,0.9621689656977669,0.9498339210564959,0.9812678576620872,0.9684169824279635,0.92,0.96,0.97,0.7,0.2,0.3400000000000001,0.15999999999999992,0.49,0.1499999999999999,-0.13
P051_P046,0.9814184302862214,0.9676241584271136,0.9812678576620872,0.9684169824279635,0.92,0.96,0.97,0.7,0.2,0.54,0.52,0.17999999999999994,0.1499999999999999,-0.33
P051_P053,1.0149088505733284,1.012986673215156,0.9812678576620872,0.9684169824279635,0.92,0.96,0.97,0.7,0.2,0.07000000000000006,0.12,0.59,-0.10000000000000009,-0.13
P053_P003,1.1255723279219298,1.0960466222779464,1.1674985745524624,1.103863571159931,0.85,0.84,0.38,0.8,0.33,0.27,0.039999999999999925,-0.09999999999999998,0.25,0.0
P053_P046,1.1446101299864733,1.1401240745435983,1.1674985745524624,1.103863571159931,0.85,0.84,0.38,0.8,0.33,0.47,0.39999999999999997,-0.41000000000000003,0.25,-0.2
P053_P051,1.2444931561403512,1.2571491131578951,1.1674985745524624,1.103863571159931,0.85,0.84,0.38,0.8,0.33,-0.07000000000000006,-0.12,-0.59,0.10000000000000009,0.13
P040_P044,1.1439521185469355,1.0804289794677533,1.194546273489506,1.1432610122248295,0.15,0.64,0.59,0.15,0.67,-0.39,0.0,-0.41000000000000003,-0.65,0.5
P040_P048,1.14229870037932,1.1490757221586902,1.194546273489506,1.1432610122248295,0.15,0.64,0.59,0.15,0.67,-0.62,0.4,-0.27,-0.35,0.14
P040_P052,1.2087992218421053,1.1921172582619342,1.194546273489506,1.1432610122248295,0.15,0.64,0.59,0.15,0.67,-0.62,0.24,0.039999999999999925,-0.7,-0.09999999999999998
P044_P040,1.2693938863960637,1.323443202672896,1.278807332890968,1.2402500095815887,0.54,0.64,1.0,0.8,0.17,0.39,0.0,0.41000000000000003,0.65,-0.5
P044_P048,1.287738407442144,1.2872083025422838,1.278807332890968,1.2402500095815887,0.54,0.64,1.0,0.8,0.17,-0.22999999999999998,0.4,0.14,0.30000000000000004,-0.36
P044_P052,1.1465866402748537,1.1482481191146472,1.278807332890968,1.2402500095815887,0.54,0.64,1.0,0.8,0.17,-0.22999999999999998,0.24,0.44999999999999996,-0.04999999999999993,-0.6
P048_P040,1.1023796489959732,1.0916594754552589,1.1357532793641363,1.1192213202095447,0.77,0.24,0.86,0.5,0.53,0.62,-0.4,0.27,0.35,-0.14
P048_P044,1.1204587574957654,1.1721607171792487,1.1357532793641363,1.1192213202095447,0.77,0.24,0.86,0.5,0.53,0.22999999999999998,-0.4,-0.14,-0.30000000000000004,0.36
P048_P052,1.0353470966725151,1.0460265447844421,1.1357532793641363,1.1192213202095447,0.77,0.24,0.86,0.5,0.53,0.0,-0.16000000000000003,0.30999999999999994,-0.35,-0.24
P052_P040,0.9262818696958254,0.9114579407878848,0.9087086187688589,0.8747088797323727,0.77,0.4,0.55,0.85,0.77,0.62,-0.24,-0.039999999999999925,0.7,0.09999999999999998
P052_P044,0.8563975008727632,0.830114305524307,0.9087086187688589,0.8747088797323727,0.77,0.4,0.55,0.85,0.77,0.22999999999999998,-0.24,-0.44999999999999996,0.04999999999999993,0.6
P052_P048,0.8648082637126675,0.8582070777952872,0.9087086187688589,0.8747088797323727,0.77,0.4,0.55,0.85,0.77,0.0,0.16000000000000003,-0.30999999999999994,0.35,0.24
P007_P022,1.3118879109747958,1.3202725037205796,1.3560356109100975,1.3358861111763163,0.19,0.08,0.52,0.1,0.7,-0.15999999999999998,-0.39999999999999997,-0.06999999999999995,-0.65,0.22999999999999998
P007_P028,1.2022117247627315,1.1582789659694108,1.3560356109100975,1.3358861111763163,0.19,0.08,0.52,0.1,0.7,0.0,-0.08,0.0,0.1,0.26999999999999996
P007_P049,1.2926439891192136,1.2528484509057385,1.3560356109100975,1.3358861111763163,0.19,0.08,0.52,0.1,0.7,-0.6200000000000001,-0.52,0.42000000000000004,-0.5,-0.10000000000000009
P022_P007,1.1976515280463462,1.1293998618961993,1.2205313328772756,1.1721371527031448,0.35,0.48,0.59,0.75,0.47,0.15999999999999998,0.39999999999999997,0.06999999999999995,0.65,-0.22999999999999998
P022_P028,0.9613043318764222,0.8950577500476304,1.2205313328772756,1.1721371527031448,0.35,0.48,0.59,0.75,0.47,0.15999999999999998,0.31999999999999995,0.06999999999999995,0.75,0.03999999999999998
P022_P049,1.1631191810724446,1.0745454990294558,1.2205313328772756,1.1721371527031448,0.35,0.48,0.59,0.75,0.47,-0.4600000000000001,-0.12,0.49,0.15000000000000002,-0.33000000000000007
P028_P007,0.92454360321761,0.9160122063594817,0.9700912549194067,1.0061201192337395,0.19,0.16,0.52,0.0,0.43,0.0,0.08,0.0,-0.1,-0.26999999999999996
P028_P022,0.8982777979394136,0.8934693258069349,0.9700912549194067,1.0061201192337395,0.19,0.16,0.52,0.0,0.43,-0.15999999999999998,-0.31999999999999995,-0.06999999999999995,-0.75,-0.03999999999999998
P028_P049,0.8955161033764969,0.8805941338240059,0.9700912549194067,1.0061201192337395,0.19,0.16,0.52,0.0,0.43,-0.6200000000000001,-0.43999999999999995,0.42000000000000004,-0.6,-0.37000000000000005
P049_P007,1.1818942686682365,1.1599968020519957,1.2469396813342284,1.203772872379879,0.81,0.6,0.1,0.6,0.8,0.6200000000000001,0.52,-0.42000000000000004,0.5,0.10000000000000009
P049_P022,1.2069313309049015,1.1767543205244415,1.2469396813342284,1.203772872379879,0.81,0.6,0.1,0.6,0.8,0.4600000000000001,0.12,-0.49,-0.15000000000000002,0.33000000000000007
P049_P028,1.1131492709966204,1.0797729479505704,1.2469396813342284,1.203772872379879,0.81,0.6,0.1,0.6,0.8,0.6200000000000001,0.43999999999999995,-0.42000000000000004,0.6,0.37000000000000005
P047_P057,1.0516072577431588,1.0327831456253433,1.0899017516522973,1.0540474210848056,0.77,0.4,0.52,0.85,0.5,0.6900000000000001,0.0,0.14,0.35,-0.30000000000000004
P047_P063,1.025179150578828,0.9942985673831725,1.0899017516522973,1.0540474210848056,0.77,0.4,0.52,0.85,0.5,,,,,
P047_P068,1.0424918023879144,1.0122870690700327,1.0899017516522973,1.0540474210848056,0.77,0.4,0.52,0.85,0.5,0.77,-0.28,0.35,-0.15000000000000002,-0.19999999999999996
P057_P047,1.2280058574595403,1.1919363187075431,1.231832104119007,1.1825234965416769,0.08,0.4,0.38,0.5,0.8,-0.6900000000000001,0.0,-0.14,-0.35,0.30000000000000004
P057_P063,1.2020200888073358,1.1807597215610346,1.231832104119007,1.1825234965416769,0.08,0.4,0.38,0.5,0.8,,,,,
P057_P068,1.2654716740135556,1.2105692143809728,1.231832104119007,1.1825234965416769,0.08,0.4,0.38,0.5,0.8,0.08,-0.28,0.21,-0.5,0.10000000000000009
P063_P047,1.0995499109247926,1.0951576548171778,1.104372101471232,1.0259620630312576,,,,,,,,,,
P063_P057,1.068673444692503,1.0532119718070498,1.104372101471232,1.0259620630312576,,,,,,,,,,
P063_P068,1.0111860592105264,0.9962310661103979,1.104372101471232,1.0259620630312576,,,,,,,,,,
P068_P047,1.1509723180232563,1.1434988881446042,1.1543452057256918,1.1313864622364669,0.0,0.68,0.17,1.0,0.7,-0.77,0.28,-0.35,0.15000000000000002,0.19999999999999996
P068_P057,1.1071945881674814,1.1246623096378148,1.1543452057256918,1.1313864622364669,0.0,0.68,0.17,1.0,0.7,-0.08,0.28,-0.21,0.5,-0.10000000000000009
P068_P063,1.1280024606158254,1.1126285979137034,1.1543452057256918,1.1313864622364669,0.0,0.68,0.17,1.0,0.7,,,,,
P035_P043,1.0965000044377795,1.0890751590508105,1.1466915346952453,1.0970775197872111,0.35,0.36,0.76,0.25,0.7,0.19999999999999998,-0.12,-0.030000000000000027,-0.15000000000000002,0.06999999999999995
P035_P058,1.1147721201857588,1.0868575114210528,1.1466915346952453,1.0970775197872111,0.35,0.36,0.76,0.25,0.7,0.03999999999999998,0.03999999999999998,0.14,0.1,-0.13
P035_P074,1.0999800480912103,1.1086842854179568,1.1466915346952453,1.0970775197872111,0.35,0.36,0.76,0.25,0.7,-0.11000000000000004,-0.32000000000000006,0.0,-0.5,0.19999999999999996
P043_P035,0.9729522608331305,1.0110734430432906,1.0446541533596763,0.9061513319856397,0.15,0.48,0.79,0.4,0.63,-0.19999999999999998,0.12,0.030000000000000027,0.15000000000000002,-0.06999999999999995
P043_P058,1.1792931091083783,1.1798622976179338,1.0446541533596763,0.9061513319856397,0.15,0.48,0.79,0.4,0.63,-0.16,0.15999999999999998,0.17000000000000004,0.25,-0.19999999999999996
P043_P074,0.8406024695060569,0.8698608945854834,1.0446541533596763,0.9061513319856397,0.15,0.48,0.79,0.4,0.63,-0.31000000000000005,-0.20000000000000007,0.030000000000000027,-0.35,0.13
P058_P035,0.4267389792095729,0.4038794996175879,0.5050095019388752,0.3719138968733089,0.31,0.32,0.62,0.15,0.83,-0.03999999999999998,-0.03999999999999998,-0.14,-0.1,0.13
P058_P043,0.27149406067530246,0.11011900089243795,0.5050095019388752,0.3719138968733089,0.31,0.32,0.62,0.15,0.83,0.16,-0.15999999999999998,-0.17000000000000004,-0.25,0.19999999999999996
P058_P074,0.44050906026259856,0.42029096003095984,0.5050095019388752,0.3719138968733089,0.31,0.32,0.62,0.15,0.83,-0.15000000000000002,-0.36000000000000004,-0.14,-0.6,0.32999999999999996
P074_P035,1.124404592665692,1.126682399328859,1.1450266985444837,1.1226712863729067,0.46,0.68,0.76,0.75,0.5,0.11000000000000004,0.32000000000000006,0.0,0.5,-0.19999999999999996
P074_P043,1.139233260275108,1.1360734762731037,1.1450266985444837,1.1226712863729067,0.46,0.68,0.76,0.75,0.5,0.31000000000000005,0.20000000000000007,-0.030000000000000027,0.35,-0.13
P074_P058,1.1365403866436925,1.1237452931804512,1.1450266985444837,1.1226712863729067,0.46,0.68,0.76,0.75,0.5,0.15000000000000002,0.36000000000000004,0.14,0.6,-0.32999999999999996
P073_P082,1.124825350023681,1.1159135863585437,1.1506883722591406,1.1087127419728842,0.27,0.76,0.66,0.75,0.03,,,,,
P073_P084,1.0995077002168387,1.1002694878157178,1.1506883722591406,1.1087127419728842,0.27,0.76,0.66,0.75,0.03,-0.45999999999999996,0.0,-0.19999999999999996,-0.25,-0.30000000000000004
P073_P099,1.1322421071428574,1.1308532321428575,1.1506883722591406,1.1087127419728842,0.27,0.76,0.66,0.75,0.03,0.12000000000000002,-0.24,0.32,0.65,-0.84
P082_P073,1.0590144717836258,1.0626670035982815,1.1205760964512976,1.0721620787601178,,,,,,,,,,
P082_P084,1.0996177368316624,1.077864222411799,1.1205760964512976,1.0721620787601178,,,,,,,,,,
P082_P099,1.25455516118421,1.2695009111842102,1.1205760964512976,1.0721620787601178,,,,,,,,,,
P084_P073,1.0352244302083338,1.010869597183435,1.138532695832538,1.0874874256921205,0.73,0.76,0.86,1.0,0.33,0.45999999999999996,0.0,0.19999999999999996,0.25,0.30000000000000004
P084_P082,1.0898771381578944,1.0830257362995117,1.138532695832538,1.0874874256921205,0.73,0.76,0.86,1.0,0.33,,,,,
P084_P099,1.1019523333333332,1.1237166250000001,1.138532695832538,1.0874874256921205,0.73,0.76,0.86,1.0,0.33,0.58,-0.24,0.52,0.9,-0.54
P099_P073,0.8373691491228072,0.8118490397422128,0.789074444893199,0.7755810352609608,0.15,1.0,0.34,0.1,0.87,-0.12000000000000002,0.24,-0.32,-0.65,0.84
P099_P082,0.7643101421736159,0.7756874641888226,0.789074444893199,0.7755810352609608,0.15,1.0,0.34,0.1,0.87,,,,,
P099_P084,0.8305665567297874,0.7846364616027245,0.789074444893199,0.7755810352609608,0.15,1.0,0.34,0.1,0.87,-0.58,0.24,-0.52,-0.9,0.54
P030_P067,1.0545412437413302,1.0496316296891557,1.1060168986850007,1.0808163099908863,0.77,0.64,0.38,0.6,0.57,0.31,0.07999999999999996,-0.20999999999999996,0.5,0.039999999999999925
P030_P071,1.1046530241939885,1.0857627694397285,1.1060168986850007,1.0808163099908863,0.77,0.64,0.38,0.6,0.57,0.35000000000000003,0.32,-0.02999999999999997,0.09999999999999998,-0.13
P030_P114,1.0481538353735653,1.0379578431989063,1.1060168986850007,1.0808163099908863,0.77,0.64,0.38,0.6,0.57,0.27,0.4,-0.28,0.5499999999999999,-0.2300000000000001
P067_P030,1.045917054431652,1.0174959816243196,1.0915369255920215,1.0650181418515325,0.46,0.56,0.59,0.1,0.53,-0.31,-0.07999999999999996,0.20999999999999996,-0.5,-0.039999999999999925
P067_P071,1.0489018395794913,1.035237440106498,1.0915369255920215,1.0650181418515325,0.46,0.56,0.59,0.1,0.53,0.040000000000000036,0.24000000000000005,0.18,-0.4,-0.16999999999999993
P067_P114,1.046236840310711,1.0282368732826386,1.0915369255920215,1.0650181418515325,0.46,0.56,0.59,0.1,0.53,-0.03999999999999998,0.32000000000000006,-0.07000000000000006,0.05,-0.27
P071_P030,1.2583730896838452,1.205034516969147,1.2264100425657791,1.2083732000536216,0.42,0.32,0.41,0.5,0.7,-0.35000000000000003,-0.32,0.02999999999999997,-0.09999999999999998,0.13
P071_P067,1.1689006070598007,1.1273286552925943,1.2264100425657791,1.2083732000536216,0.42,0.32,0.41,0.5,0.7,-0.040000000000000036,-0.24000000000000005,-0.18,0.4,0.16999999999999993
P071_P114,1.1738649256788185,1.1537480363285109,1.2264100425657791,1.2083732000536216,0.42,0.32,0.41,0.5,0.7,-0.08000000000000002,0.08000000000000002,-0.25000000000000006,0.45,-0.10000000000000009
P114_P030,1.17339118592933,1.1162521099744374,1.2337323886765317,1.1795617370646139,0.5,0.24,0.66,0.05,0.8,-0.27,-0.4,0.28,-0.5499999999999999,0.2300000000000001
P114_P067,1.1606309244513933,1.1332015664970922,1.2337323886765317,1.1795617370646139,0.5,0.24,0.66,0.05,0.8,0.03999999999999998,-0.32000000000000006,0.07000000000000006,-0.05,0.27
P114_P071,1.212494544864073,1.1499230378845378,1.2337323886765317,1.1795617370646139,0.5,0.24,0.66,0.05,0.8,0.08000000000000002,-0.08000000000000002,0.25000000000000006,-0.45,0.10000000000000009
P092_P094,0.9697754685776943,0.956697816350302,1.1300949052758087,1.0766442804675551,0.62,0.64,0.86,0.55,0.43,0.39,0.64,0.62,-0.1499999999999999,-0.26999999999999996
P092_P096,1.063506895158526,1.0318053714933781,1.1300949052758087,1.0766442804675551,0.62,0.64,0.86,0.55,0.43,,,,,
P092_P112,1.050029230041771,1.077128944930202,1.1300949052758087,1.0766442804675551,0.62,0.64,0.86,0.55,0.43,-0.15000000000000002,-0.12,0.48,-0.25,0.32999999999999996
P094_P092,0.9679599738389534,0.9445257713127795,1.0836184098430695,0.993486654563785,0.23,0.0,0.24,0.7,0.7,-0.39,-0.64,-0.62,0.1499999999999999,0.26999999999999996
P094_P096,1.0496968363931796,1.0229880240475577,1.0836184098430695,0.993486654563785,0.23,0.0,0.24,0.7,0.7,,,,,
P094_P112,1.1066986522556395,1.1091067453310697,1.0836184098430695,0.993486654563785,0.23,0.0,0.24,0.7,0.7,-0.54,-0.76,-0.14,-0.10000000000000009,0.6
P096_P092,1.1186194520999466,1.072304590772274,1.2176723642044613,1.1446794067701305,,,,,,,,,,
P096_P094,1.1385374359228095,1.0982598581032503,1.2176723642044613,1.1446794067701305,,,,,,,,,,
P096_P112,1.1235210990097797,1.07969733055084,1.2176723642044613,1.1446794067701305,,,,,,,,,,
P112_P092,0.9524259076823146,0.9207620955455428,0.9812880660004987,0.9393764286193049,0.77,0.76,0.38,0.8,0.1,0.15000000000000002,0.12,-0.48,0.25,-0.32999999999999996
P112_P094,0.8666999504816111,0.8592263570870484,0.9812880660004987,0.9393764286193049,0.77,0.76,0.38,0.8,0.1,0.54,0.76,0.14,0.10000000000000009,-0.6
P112_P096,0.9752256622743454,0.9660905071809428,0.9812880660004987,0.9393764286193049,0.77,0.76,0.38,0.8,0.1,,,,,
P091_P106,1.2730580651030858,1.208235017426379,1.2782451550307536,1.1982134296225264,0.77,0.96,0.45,1.0,0.67,0.31,0.48,-0.10000000000000003,0.4,0.20000000000000007
P091_P115,1.18680777077513,1.1658584234855507,1.2782451550307536,1.1982134296225264,0.77,0.96,0.45,1.0,0.67,0.15000000000000002,0.6799999999999999,0.45,0.8,0.10000000000000009
P106_P091,1.313928950739256,1.2177808916096333,1.3133390385913357,1.2361871549895123,0.46,0.48,0.55,0.6,0.47,-0.31,-0.48,0.10000000000000003,-0.4,-0.20000000000000007
P106_P115,1.19409925593608,1.1637529282991308,1.3133390385913357,1.2361871549895123,0.46,0.48,0.55,0.6,0.47,-0.15999999999999998,0.19999999999999996,0.55,0.39999999999999997,-0.09999999999999998
P115_P091,1.02768533267784,0.9814293446859271,1.1265576228544334,1.069382014206557,0.62,0.28,0.0,0.2,0.57,-0.15000000000000002,-0.6799999999999999,-0.45,-0.8,-0.10000000000000009
P115_P106,1.0376081736367242,1.02700118667798,1.1265576228544334,1.069382014206557,0.62,0.28,0.0,0.2,0.57,0.15999999999999998,-0.19999999999999996,-0.55,-0.39999999999999997,0.09999999999999998
P033_P077,1.1726519503629762,1.1204861430055404,1.3070916080126673,1.2764584833201806,0.69,0.4,0.24,0.55,0.53,,,,,
P033_P118,1.2720961532985045,1.246560267515052,1.3070916080126673,1.2764584833201806,0.69,0.4,0.24,0.55,0.53,0.22999999999999993,0.0,-0.28,0.050000000000000044,0.30000000000000004
P077_P033,1.0929063329133473,1.0762822959202334,1.1579202765230077,1.1189988580257595,,,,,,,,,,
P077_P118,1.0589075915492963,1.0414363852735287,1.1579202765230077,1.1189988580257595,,,,,,,,,,
P118_P033,1.1790142300842252,1.1521679200952233,1.2130360959411195,1.179655373191485,0.46,0.4,0.52,0.5,0.23,-0.22999999999999993,0.0,0.28,-0.050000000000000044,-0.30000000000000004
P118_P077,1.1158030666688272,1.0875712594644502,1.2130360959411195,1.179655373191485,0.46,0.4,0.52,0.5,0.23,,,,,
P088_P103,1.1763776939168236,1.1614195883709277,1.117396331961124,1.0426681336416217,0.65,0.64,0.52,0.4,0.73,-0.12,0.16000000000000003,0.18,0.4,0.13
P088_P116,1.1474120404761905,1.117934823809524,1.117396331961124,1.0426681336416217,0.65,0.64,0.52,0.4,0.73,0.23000000000000004,0.16000000000000003,-0.38,-0.4,0.53
P088_P123,1.108740059267309,1.1339858787870838,1.117396331961124,1.0426681336416217,0.65,0.64,0.52,0.4,0.73,0.10999999999999999,0.07999999999999996,0.28,-0.19999999999999996,-0.27
P103_P088,1.1550117499558006,1.1439180678514864,1.1631415658375335,1.0999162155467148,0.77,0.48,0.34,0.0,0.6,0.12,-0.16000000000000003,-0.18,-0.4,-0.13
P103_P116,1.048913,1.0540889523809522,1.1631415658375335,1.0999162155467148,0.77,0.48,0.34,0.0,0.6,0.35000000000000003,0.0,-0.56,-0.8,0.39999999999999997
P103_P123,1.1892563442373296,1.18875382000544,1.1631415658375335,1.0999162155467148,0.77,0.48,0.34,0.0,0.6,0.22999999999999998,-0.08000000000000007,0.10000000000000003,-0.6,-0.4
P116_P088,1.0395324910206718,1.0278544081018521,1.0271842993840323,1.000708966547099,0.42,0.48,0.9,0.8,0.2,-0.23000000000000004,-0.16000000000000003,0.38,0.4,-0.53
P116_P103,0.9988486894736844,1.0027205684210523,1.0271842993840323,1.000708966547099,0.42,0.48,0.9,0.8,0.2,-0.35000000000000003,0.0,0.56,0.8,-0.39999999999999997
P116_P123,1.0166439375,1.0194640232558139,1.0271842993840323,1.000708966547099,0.42,0.48,0.9,0.8,0.2,-0.12000000000000005,-0.08000000000000007,0.66,0.20000000000000007,-0.8
P123_P088,1.128873825768394,1.1519295966892058,1.1055842867736145,1.0441234959437524,0.54,0.56,0.24,0.6,1.0,-0.10999999999999999,-0.07999999999999996,-0.28,0.19999999999999996,0.27
P123_P103,1.0822936196271928,1.063879243508772,1.1055842867736145,1.0441234959437524,0.54,0.56,0.24,0.6,1.0,-0.22999999999999998,0.08000000000000007,-0.10000000000000003,0.6,0.4
P123_P116,1.0236553974310776,1.0174411755639092,1.1055842867736145,1.0441234959437524,0.54,0.56,0.24,0.6,1.0,0.12000000000000005,0.08000000000000007,-0.66,-0.20000000000000007,0.8
P086_P087,1.0119658140611945,1.002920830776183,1.0725126435476475,1.0236746394869873,0.27,0.72,0.38,0.65,0.23,0.12000000000000002,0.12,0.09999999999999998,0.5,-0.64
P086_P090,1.0119658140611945,1.002920830776183,1.0725126435476475,1.0236746394869873,0.27,0.72,0.38,0.65,0.23,-0.38,0.12,-0.14,0.2,-0.13999999999999999
P086_P104,1.0703038248600225,1.0598934585655313,1.0725126435476475,1.0236746394869873,0.27,0.72,0.38,0.65,0.23,-0.38,0.0,-0.55,-0.15000000000000002,-0.23999999999999996
P087_P086,1.0121238461538464,1.0140902777777778,1.0292080238857815,1.0143140811589484,0.15,0.6,0.28,0.15,0.87,-0.12000000000000002,-0.12,-0.09999999999999998,-0.5,0.64
P087_P090,1.0161606112781956,1.0190236223923443,1.0292080238857815,1.0143140811589484,0.15,0.6,0.28,0.15,0.87,-0.5,0.0,-0.24,-0.30000000000000004,0.5
P087_P104,1.0413078582205029,1.0188146623323016,1.0292080238857815,1.0143140811589484,0.15,0.6,0.28,0.15,0.87,-0.5,-0.12,-0.65,-0.65,0.4
P090_P086,1.0286966426282051,1.0362982546296298,1.0828832970221054,0.9960194873495912,0.65,0.6,0.52,0.45,0.37,0.38,-0.12,0.14,-0.2,0.13999999999999999
P090_P087,1.3382981723124778,1.3981142538983833,1.0828832970221054,0.9960194873495912,0.65,0.6,0.52,0.45,0.37,0.5,0.0,0.24,0.30000000000000004,-0.5
P090_P104,1.0651576321159524,1.0468914044633644,1.0828832970221054,0.9960194873495912,0.65,0.6,0.52,0.45,0.37,0.0,-0.12,-0.41000000000000003,-0.35000000000000003,-0.09999999999999998
P104_P086,1.1002542311066128,1.1096866413255364,1.1239382684336652,1.063658004966145,0.65,0.72,0.93,0.8,0.47,0.38,0.0,0.55,0.15000000000000002,0.23999999999999996
P104_P087,1.0758816010103387,1.0775238101594902,1.1239382684336652,1.063658004966145,0.65,0.72,0.93,0.8,0.47,0.5,0.12,0.65,0.65,-0.4
P104_P090,1.0758816010103387,1.0775238101594902,1.1239382684336652,1.063658004966145,0.65,0.72,0.93,0.8,0.47,0.0,0.12,0.41000000000000003,0.35000000000000003,0.09999999999999998
P110_P117,1.0696744038217705,1.0743069489838457,1.106439445923365,1.0502890392541233,0.77,0.2,0.48,0.6,0.0,0.5800000000000001,-0.2,-0.28,-0.09999999999999998,-0.2
P110_P121,1.0262530745614036,1.0279671539225426,1.106439445923365,1.0502890392541233,0.77,0.2,0.48,0.6,0.0,0.0,-0.48000000000000004,-0.42000000000000004,-0.25,0.0
P110_P135,1.066181049056782,1.074011708159615,1.106439445923365,1.0502890392541233,0.77,0.2,0.48,0.6,0.0,0.12,-0.12,-0.040000000000000036,0.14999999999999997,-0.63
P117_P110,1.156898566991553,1.1466122183458642,1.1596801105756895,1.1007698476158547,0.19,0.4,0.76,0.7,0.2,-0.5800000000000001,0.2,0.28,0.09999999999999998,0.2
P117_P121,1.1357562467105262,1.1018250913604763,1.1596801105756895,1.1007698476158547,0.19,0.4,0.76,0.7,0.2,-0.5800000000000001,-0.28,-0.14,-0.15000000000000002,0.2
P117_P135,1.088029891977929,1.1036940482972135,1.1596801105756895,1.1007698476158547,0.19,0.4,0.76,0.7,0.2,-0.46,0.08000000000000002,0.24,0.24999999999999994,-0.43
P121_P110,1.0840502654553048,1.0698980444862156,1.1268744821416394,1.0795966313365097,0.77,0.68,0.9,0.85,0.0,0.0,0.48000000000000004,0.42000000000000004,0.25,0.0
P121_P117,1.1355612661527557,1.133807241772335,1.1268744821416394,1.0795966313365097,0.77,0.68,0.9,0.85,0.0,0.5800000000000001,0.28,0.14,0.15000000000000002,-0.2
P121_P135,1.0704999197509908,1.0716549250773995,1.1268744821416394,1.0795966313365097,0.77,0.68,0.9,0.85,0.0,0.12,0.36000000000000004,0.38,0.39999999999999997,-0.63
P135_P110,1.1335332239116307,1.1258015091604014,1.1941569473445621,1.1239326506757752,0.65,0.32,0.52,0.45,0.63,-0.12,0.12,0.040000000000000036,-0.14999999999999997,0.63
P135_P117,1.1497141703478868,1.1438912014561982,1.1941569473445621,1.1239326506757752,0.65,0.32,0.52,0.45,0.63,0.46,-0.08000000000000002,-0.24,-0.24999999999999994,0.43
P135_P121,1.0877767269736842,1.09127934061569,1.1941569473445621,1.1239326506757752,0.65,0.32,0.52,0.45,0.63,-0.12,-0.36000000000000004,-0.38,-0.39999999999999997,0.63
P128_P140,1.1241576178761297,1.1191805807416266,1.2573881570796261,1.1982860300049372,0.73,0.6,0.69,0.75,0.17,0.18999999999999995,-0.12,-0.14,-0.050000000000000044,0.14
P128_P142,1.255216819553509,1.2331988241925607,1.2573881570796261,1.1982860300049372,0.73,0.6,0.69,0.75,0.17,0.07999999999999996,0.07999999999999996,0.06999999999999995,0.65,-0.5
P128_P151,1.2587094858657057,1.214607969602578,1.2573881570796261,1.1982860300049372,0.73,0.6,0.69,0.75,0.17,-0.040000000000000036,-0.16000000000000003,0.0,0.35,-0.23
P140_P128,1.0407633502846463,1.0280499424420053,1.09064083200201,1.0253279361092515,0.54,0.72,0.83,0.8,0.03,-0.18999999999999995,0.12,0.14,0.050000000000000044,-0.14
P140_P142,1.075528460517715,1.0766028480730336,1.09064083200201,1.0253279361092515,0.54,0.72,0.83,0.8,0.03,-0.10999999999999999,0.19999999999999996,0.20999999999999996,0.7000000000000001,-0.64
P140_P151,1.0964132762322472,1.0977191327336198,1.09064083200201,1.0253279361092515,0.54,0.72,0.83,0.8,0.03,-0.22999999999999998,-0.040000000000000036,0.14,0.4,-0.37
P142_P128,1.3642012374199954,1.327384556148666,1.3574213644602573,1.2949212810175172,0.65,0.52,0.62,0.1,0.67,-0.07999999999999996,-0.07999999999999996,-0.06999999999999995,-0.65,0.5
P142_P140,1.3971640300726562,1.3943914711943999,1.3574213644602573,1.2949212810175172,0.65,0.52,0.62,0.1,0.67,0.10999999999999999,-0.19999999999999996,-0.20999999999999996,-0.7000000000000001,0.64
P142_P151,1.3932752744972552,1.3614088703813108,1.3574213644602573,1.2949212810175172,0.65,0.52,0.62,0.1,0.67,-0.12,-0.24,-0.06999999999999995,-0.30000000000000004,0.27
P151_P128,1.1453937791290645,1.1403769896441338,1.1814495936612261,1.1350267331023525,0.77,0.76,0.69,0.4,0.4,0.040000000000000036,0.16000000000000003,0.0,-0.35,0.23
P151_P140,1.2131546368509658,1.201819597297537,1.1814495936612261,1.1350267331023525,0.77,0.76,0.69,0.4,0.4,0.22999999999999998,0.040000000000000036,-0.14,-0.4,0.37
P151_P142,1.1567355100827412,1.152848119198215,1.1814495936612261,1.1350267331023525,0.77,0.76,0.69,0.4,0.4,0.12,0.24,0.06999999999999995,0.30000000000000004,-0.27
P075_P124,1.133045183681669,1.110419447146245,1.1446757387127626,1.101559841317888,0.85,0.28,0.86,0.3,0.27,0.16000000000000003,-0.28,-0.040000000000000036,0.25,-0.5599999999999999
P075_P129,1.10465511155472,1.0839242212097406,1.1446757387127626,1.101559841317888,0.85,0.28,0.86,0.3,0.27,0.22999999999999998,-0.36,0.24,-0.15000000000000002,0.07
P075_P146,1.0974232841486569,1.0928895261447646,1.1446757387127626,1.101559841317888,0.85,0.28,0.86,0.3,0.27,,,,,
P124_P075,1.2218009794461648,1.20054644333577,1.2416064932701159,1.1852195708338233,0.69,0.56,0.9,0.05,0.83,-0.16000000000000003,0.28,0.040000000000000036,-0.25,0.5599999999999999
P124_P129,1.180256453999443,1.1642668259230164,1.2416064932701159,1.1852195708338233,0.69,0.56,0.9,0.05,0.83,0.06999999999999995,-0.07999999999999996,0.28,-0.4,0.6299999999999999
P124_P146,1.2283033895033482,1.1999120007668547,1.2416064932701159,1.1852195708338233,0.69,0.56,0.9,0.05,0.83,,,,,
P129_P075,1.100647896884675,1.0898652315606725,1.1607964419288024,1.1065939619874647,0.62,0.64,0.62,0.45,0.2,-0.22999999999999998,0.36,-0.24,0.15000000000000002,-0.07
P129_P124,1.1474233110054692,1.110076971228761,1.1607964419288024,1.1065939619874647,0.62,0.64,0.62,0.45,0.2,-0.06999999999999995,0.07999999999999996,-0.28,0.4,-0.6299999999999999
P129_P146,1.1047153097275193,1.101926283721358,1.1607964419288024,1.1065939619874647,0.62,0.64,0.62,0.45,0.2,,,,,
P146_P075,1.091818976335139,1.0867788429641814,1.1037819006381746,1.0828110299098226,,,,,,,,,,
P146_P124,1.0777223247198664,1.0672532793223215,1.1037819006381746,1.0828110299098226,,,,,,,,,,
P146_P129,1.074031675281955,1.0753296616653574,1.1037819006381746,1.0828110299098226,,,,,,,,,,
P127_P141,1.0747526913666583,1.0585947530109059,1.101570925464595,1.0585897541637797,0.42,0.6,0.48,0.3,0.5,,,,,
P127_P147,1.0835989354678361,1.0657256125755776,1.101570925464595,1.0585897541637797,0.42,0.6,0.48,0.3,0.5,-0.08000000000000002,-0.20000000000000007,-0.38,-0.15000000000000002,0.5
P127_P154,1.063811428261738,1.0601223406094327,1.101570925464595,1.0585897541637797,0.42,0.6,0.48,0.3,0.5,-0.43,0.31999999999999995,0.02999999999999997,0.19999999999999998,-0.27
P141_P127,1.303466780787828,1.296997621530966,1.3407715141687606,1.3182064196970837,,,,,,,,,,
P141_P147,1.3401600115275558,1.3212984006789572,1.3407715141687606,1.3182064196970837,,,,,,,,,,
P141_P154,1.3257101900623676,1.2973466977095516,1.3407715141687606,1.3182064196970837,,,,,,,,,,
P147_P127,1.0113491470405815,1.004333747270093,1.0577087854881482,0.9940866942465104,0.5,0.8,0.86,0.45,0.0,0.08000000000000002,0.20000000000000007,0.38,0.15000000000000002,-0.5
P147_P141,1.0298819216168662,1.009717026169591,1.0577087854881482,0.9940866942465104,0.5,0.8,0.86,0.45,0.0,,,,,
P147_P154,1.0491527677952865,1.0297375572260128,1.0577087854881482,0.9940866942465104,0.5,0.8,0.86,0.45,0.0,-0.35,0.52,0.41,0.35,-0.77
P154_P127,1.1658823508055707,1.1723745540676918,1.187138806704573,1.145924564130244,0.85,0.28,0.45,0.1,0.77,0.43,-0.31999999999999995,-0.02999999999999997,-0.19999999999999998,0.27
P154_P141,1.130939092498588,1.1128174315726251,1.187138806704573,1.145924564130244,0.85,0.28,0.45,0.1,0.77,,,,,
P154_P147,1.1794534928654974,1.1757116110020815,1.187138806704573,1.145924564130244,0.85,0.28,0.45,0.1,0.77,0.35,-0.52,-0.41,-0.35,0.77
P126_P138,1.0517464557017544,1.0310616846174714,1.029259975510172,1.0112007196511212,0.54,0.56,0.31,0.65,0.2,-0.18999999999999995,-0.07999999999999996,-0.52,0.050000000000000044,-0.3
P126_P139,1.0170114890350879,1.0263052631578944,1.029259975510172,1.0112007196511212,0.54,0.56,0.31,0.65,0.2,0.0,0.0,-0.030000000000000027,0.4,-0.13
P126_P158,1.018276236963375,1.0248716229462547,1.029259975510172,1.0112007196511212,0.54,0.56,0.31,0.65,0.2,-0.27,0.44000000000000006,-0.69,0.09999999999999998,-0.07
P138_P126,1.0461901626180836,1.047034076830006,1.1438830119145682,1.095801422408915,0.73,0.64,0.83,0.6,0.5,0.18999999999999995,0.07999999999999996,0.52,-0.050000000000000044,0.3
P138_P139,1.0780185349679172,1.0592083796567038,1.1438830119145682,1.095801422408915,0.73,0.64,0.83,0.6,0.5,0.18999999999999995,0.07999999999999996,0.48999999999999994,0.35,0.16999999999999998
P138_P158,1.0943021753647584,1.081606037773004,1.1438830119145682,1.095801422408915,0.73,0.64,0.83,0.6,0.5,-0.08000000000000007,0.52,-0.17000000000000004,0.04999999999999993,0.22999999999999998
P139_P126,1.0716861242914981,1.0628499709618873,1.0965444609382542,1.0569581481470087,0.54,0.56,0.34,0.25,0.33,0.0,0.0,0.030000000000000027,-0.4,0.13
P139_P138,1.0619531042355892,1.0481653899077592,1.0965444609382542,1.0569581481470087,0.54,0.56,0.34,0.25,0.33,-0.18999999999999995,-0.07999999999999996,-0.48999999999999994,-0.35,-0.16999999999999998
P139_P158,1.043940166786284,1.024165847601146,1.0965444609382542,1.0569581481470087,0.54,0.56,0.34,0.25,0.33,-0.27,0.44000000000000006,-0.6599999999999999,-0.30000000000000004,0.06
P158_P126,1.0427147212550607,1.0484198803992741,1.191959612959519,1.117208381479816,0.81,0.12,1.0,0.55,0.27,0.27,-0.44000000000000006,0.69,-0.09999999999999998,0.07
P158_P138,1.0888742648630507,1.0873368992132393,1.191959612959519,1.117208381479816,0.81,0.12,1.0,0.55,0.27,0.08000000000000007,-0.52,0.17000000000000004,-0.04999999999999993,-0.22999999999999998
P158_P139,1.0577977284356723,1.0447785631091617,1.191959612959519,1.117208381479816,0.81,0.12,1.0,0.55,0.27,0.27,-0.44000000000000006,0.6599999999999999,0.30000000000000004,-0.06
P109_P131,1.2203026701458775,1.216286220566593,1.2594844559939635,1.269720337930434,,,,,,,,,,
P109_P144,1.268366352773675,1.2434998446641816,1.2594844559939635,1.269720337930434,,,,,,,,,,
P109_P157,1.2464183768805457,1.2554841722458503,1.2594844559939635,1.269720337930434,,,,,,,,,,
P131_P109,1.171280534344035,1.143833921963681,1.1751368245818783,1.1353747410327129,0.96,0.56,0.38,0.8,0.33,,,,,
P131_P144,1.1318124877869278,1.1793076541599086,1.1751368245818783,1.1353747410327129,0.96,0.56,0.38,0.8,0.33,0.69,-0.36,-0.48,0.20000000000000007,0.13
P131_P157,1.1309732644730068,1.1308452844497612,1.1751368245818783,1.1353747410327129,0.96,0.56,0.38,0.8,0.33,,,,,
P144_P109,1.0766321630391047,1.0570734082476658,1.1444605301879827,1.062403605563536,0.27,0.92,0.86,0.6,0.2,,,,,
P144_P131,1.1386253632816015,1.126758729125518,1.1444605301879827,1.062403605563536,0.27,0.92,0.86,0.6,0.2,-0.69,0.36,0.48,-0.20000000000000007,-0.13
P144_P157,1.049376808692339,0.9799352453482193,1.1444605301879827,1.062403605563536,0.27,0.92,0.86,0.6,0.2,,,,,
P157_P109,1.0393173916239287,0.983127368744229,1.068688966199302,1.0297342741502593,,,,,,,,,,
P157_P131,1.023579010802005,1.0139178366852564,1.068688966199302,1.0297342741502593,,,,,,,,,,
P157_P144,1.0564564235588974,1.0635571238390094,1.068688966199302,1.0297342741502593,,,,,,,,,,
P167_P169,1.1545627976269726,1.1496852929852062,1.1685775357892483,1.1690164574658208,0.85,0.52,0.79,0.65,0.13,,,,,
P167_P173,1.1178418785859325,1.102027318001376,1.1685775357892483,1.1690164574658208,0.85,0.52,0.79,0.65,0.13,-0.15000000000000002,0.040000000000000036,-0.14,0.09999999999999998,-0.33999999999999997
P167_P210,1.1342922803934836,1.1232003868387346,1.1685775357892483,1.1690164574658208,0.85,0.52,0.79,0.65,0.13,0.38999999999999996,-0.07999999999999996,0.17000000000000004,0.6,-0.24
P169_P167,1.2002732333065642,1.147237844477098,1.2031534597383724,1.1878642680542861,,,,,,,,,,
P169_P173,1.1267151081735975,1.1237418798417613,1.2031534597383724,1.1878642680542861,,,,,,,,,,
P169_P210,1.16554925817053,1.145393263769655,1.2031534597383724,1.1878642680542861,,,,,,,,,,
P173_P167,1.0828434232609696,1.088581637600346,1.1016023455641384,1.0934777589953237,1.0,0.48,0.93,0.55,0.47,0.15000000000000002,-0.040000000000000036,0.14,-0.09999999999999998,0.33999999999999997
P173_P169,1.0897860226034788,1.0834594917878555,1.1016023455641384,1.0934777589953237,1.0,0.48,0.93,0.55,0.47,,,,,
P173_P210,1.0985305488076635,1.0978258340220148,1.1016023455641384,1.0934777589953237,1.0,0.48,0.93,0.55,0.47,0.54,-0.12,0.31000000000000005,0.5,0.09999999999999998
P210_P167,1.1729990727265343,1.1239854881378573,1.2143692346193737,1.2288020405899087,0.46,0.6,0.62,0.05,0.37,-0.38999999999999996,0.07999999999999996,-0.17000000000000004,-0.6,0.24
P210_P169,1.167684734547563,1.167746318074575,1.2143692346193737,1.2288020405899087,0.46,0.6,0.62,0.05,0.37,,,,,
P210_P173,1.2069520903700222,1.2298702686377705,1.2143692346193737,1.2288020405899087,0.46,0.6,0.62,0.05,0.37,-0.54,0.12,-0.31000000000000005,-0.5,-0.09999999999999998
P076_P164,1.0202515976329192,1.0193528139352,1.0132791870744708,0.980603617685558,0.73,0.84,0.97,0.6,0.57,,,,,
P076_P170,0.9970981879252359,0.9917794168760945,1.0132791870744708,0.980603617685558,0.73,0.84,0.97,0.6,0.57,0.10999999999999999,0.24,0.14,-0.09999999999999998,0.23999999999999994
P076_P174,0.9309653854355339,0.9457513654719327,1.0132791870744708,0.980603617685558,0.73,0.84,0.97,0.6,0.57,0.61,0.6,0.38,-0.050000000000000044,0.29999999999999993
P164_P076,1.2324006084301904,1.199345507535062,1.224278433857278,1.1876354846037742,,,,,,,,,,
P164_P170,1.1375469624441883,1.1367692940533412,1.224278433857278,1.1876354846037742,,,,,,,,,,
P164_P174,1.129330128032349,1.1311206787725787,1.224278433857278,1.1876354846037742,,,,,,,,,,
P170_P076,1.3274657291126253,1.254301116721006,1.29142911143191,1.248702189035148,0.62,0.6,0.83,0.7,0.33,-0.10999999999999999,-0.24,-0.14,0.09999999999999998,-0.23999999999999994
P170_P164,1.227589948625239,1.1988308233429594,1.29142911143191,1.248702189035148,0.62,0.6,0.83,0.7,0.33,,,,,
P170_P174,1.2800895156571985,1.2280522109351049,1.29142911143191,1.248702189035148,0.62,0.6,0.83,0.7,0.33,0.5,0.36,0.24,0.04999999999999993,0.06
P174_P076,1.0821099232017546,1.0615232738938052,1.0752704941034261,1.042398044997062,0.12,0.24,0.59,0.65,0.27,-0.61,-0.6,-0.38,0.050000000000000044,-0.29999999999999993
P174_P164,1.0379151403312206,1.0157273211285132,1.0752704941034261,1.042398044997062,0.12,0.24,0.59,0.65,0.27,,,,,
P174_P170,1.0701240892921546,1.0697379961818072,1.0752704941034261,1.042398044997062,0.12,0.24,0.59,0.65,0.27,-0.5,-0.36,-0.24,-0.04999999999999993,-0.06
P034_P061,1.1051975180921052,1.0868185208673091,1.182182530910296,1.12412383063699,0.62,0.76,0.72,0.65,0.5,0.040000000000000036,0.52,0.72,0.45,-0.22999999999999998
P034_P153,1.1003426125446192,1.0663568206356944,1.182182530910296,1.12412383063699,0.62,0.76,0.72,0.65,0.5,-0.10999999999999999,0.44,0.51,0.25,0.030000000000000027
P034_P160,1.150594581758285,1.1390400231584574,1.182182530910296,1.12412383063699,0.62,0.76,0.72,0.65,0.5,0.39,0.32,0.48,0.35000000000000003,-0.22999999999999998
P061_P034,1.0502429620892508,1.041123555347453,1.0926851103997068,1.0295551557023292,0.58,0.24,0.0,0.2,0.73,-0.040000000000000036,-0.52,-0.72,-0.45,0.22999999999999998
P061_P153,1.0477315028563359,1.0132066513022526,1.0926851103997068,1.0295551557023292,0.58,0.24,0.0,0.2,0.73,-0.15000000000000002,-0.08000000000000002,-0.21,-0.2,0.26
P061_P160,1.0842986369678362,1.0702538659300496,1.0926851103997068,1.0295551557023292,0.58,0.24,0.0,0.2,0.73,0.35,-0.2,-0.24,-0.09999999999999998,0.0
P153_P034,1.0690136130952383,1.0709407302038882,1.1226274528565043,1.1042061529741787,0.73,0.32,0.21,0.4,0.47,0.10999999999999999,-0.44,-0.51,-0.25,-0.030000000000000027
P153_P061,1.055687096491228,1.058090495181616,1.1226274528565043,1.1042061529741787,0.73,0.32,0.21,0.4,0.47,0.15000000000000002,0.08000000000000002,0.21,0.2,-0.26
P153_P160,1.0767719568421055,1.0733942312753038,1.1226274528565043,1.1042061529741787,0.73,0.32,0.21,0.4,0.47,0.5,-0.12,-0.03,0.10000000000000003,-0.26
P160_P034,1.1656909412907266,1.1421091091512565,1.1621175487398359,1.107179681423907,0.23,0.44,0.24,0.3,0.73,-0.39,-0.32,-0.48,-0.35000000000000003,0.22999999999999998
P160_P061,1.1539189408854167,1.1370942133802822,1.1621175487398359,1.107179681423907,0.23,0.44,0.24,0.3,0.73,-0.35,0.2,0.24,0.09999999999999998,0.0
P160_P153,1.116211539760623,1.1007103550937527,1.1621175487398359,1.107179681423907,0.23,0.44,0.24,0.3,0.73,-0.5,0.12,0.03,-0.10000000000000003,0.26
P122_P148,1.1491630366666667,1.1142759209677418,1.2351973084711643,1.139610910270662,0.69,0.76,0.31,0.65,0.5,0.49999999999999994,0.68,-0.37999999999999995,-0.19999999999999996,0.030000000000000027
P122_P175,1.1980974211124134,1.1793840312433768,1.2351973084711643,1.139610910270662,0.69,0.76,0.31,0.65,0.5,0.18999999999999995,0.48,-0.31,0.15000000000000002,-0.13
P122_P181,1.183473737394972,1.163783270734049,1.2351973084711643,1.139610910270662,0.69,0.76,0.31,0.65,0.5,0.06999999999999995,0.24,-0.45,0.15000000000000002,0.09999999999999998
P148_P122,1.0541666993636052,1.0486080826739668,1.0750097710374371,1.0535991989936866,0.19,0.08,0.69,0.85,0.47,-0.49999999999999994,-0.68,0.37999999999999995,0.19999999999999996,-0.030000000000000027
P148_P175,1.0552138795404504,1.0566587770399154,1.0750097710374371,1.0535991989936866,0.19,0.08,0.69,0.85,0.47,-0.31,-0.2,0.06999999999999995,0.35,-0.16000000000000003
P148_P181,1.0530280409785235,1.048275393126473,1.0750097710374371,1.0535991989936866,0.19,0.08,0.69,0.85,0.47,-0.43,-0.44,-0.07000000000000006,0.35,0.06999999999999995
P175_P122,1.158106947961202,1.1561965113564112,1.2067344879392716,1.1667520279481522,0.5,0.28,0.62,0.5,0.63,-0.18999999999999995,-0.48,0.31,-0.15000000000000002,0.13
P175_P148,1.1898433331871345,1.1983528217317485,1.2067344879392716,1.1667520279481522,0.5,0.28,0.62,0.5,0.63,0.31,0.2,-0.06999999999999995,-0.35,0.16000000000000003
P175_P181,1.2126413432383047,1.2050546357379772,1.2067344879392716,1.1667520279481522,0.5,0.28,0.62,0.5,0.63,-0.12,-0.24,-0.14,0.0,0.22999999999999998
P181_P122,1.1156689901287122,1.10000170423486,1.1502131713620838,1.0951115653953971,0.62,0.52,0.76,0.5,0.4,-0.06999999999999995,-0.24,0.45,-0.15000000000000002,-0.09999999999999998
P181_P148,1.0664505766081875,1.0596811816638367,1.1502131713620838,1.0951115653953971,0.62,0.52,0.76,0.5,0.4,0.43,0.44,0.07000000000000006,-0.35,-0.06999999999999995
P181_P175,1.1467003894791805,1.122878157506462,1.1502131713620838,1.0951115653953971,0.62,0.52,0.76,0.5,0.4,0.12,0.24,0.14,0.0,-0.22999999999999998
P179_P188,0.9906512078647947,0.990207647995637,0.988726149486281,0.9642433753340166,0.65,0.92,0.83,0.6,0.37,0.19,0.76,0.14,0.19999999999999996,-0.36
P179_P190,0.9609958134122073,0.9660293139909127,0.988726149486281,0.9642433753340166,0.65,0.92,0.83,0.6,0.37,,,,,
P179_P208,0.9823983182563096,0.9857507920528524,0.988726149486281,0.9642433753340166,0.65,0.92,0.83,0.6,0.37,0.38,0.72,0.06999999999999995,0.3,0.07
P188_P179,1.0912647057850065,1.0929578970337028,1.1472670251191117,1.112187790946107,0.46,0.16,0.69,0.4,0.73,-0.19,-0.76,-0.14,-0.19999999999999996,0.36
P188_P190,1.1366924953027993,1.1175185239324328,1.1472670251191117,1.112187790946107,0.46,0.16,0.69,0.4,0.73,,,,,
P188_P208,1.1272438374443667,1.133521478592905,1.1472670251191117,1.112187790946107,0.46,0.16,0.69,0.4,0.73,0.19,-0.04000000000000001,-0.07000000000000006,0.10000000000000003,0.43
P190_P179,0.9070178603733486,0.9416264209333638,0.967294350411048,0.9389561224546226,,,,,,,,,,
P190_P188,0.9681926419021781,0.9195645509180984,0.967294350411048,0.9389561224546226,,,,,,,,,,
P190_P208,0.8891653881367628,0.8919402425686861,0.967294350411048,0.9389561224546226,,,,,,,,,,
P208_P179,1.1360311511988308,1.1378975824099726,1.1506497651148473,1.1087116689584193,0.27,0.2,0.76,0.3,0.3,-0.38,-0.72,-0.06999999999999995,-0.3,-0.07
P208_P188,1.1234953017862188,1.1043411811153532,1.1506497651148473,1.1087116689584193,0.27,0.2,0.76,0.3,0.3,-0.19,0.04000000000000001,0.07000000000000006,-0.10000000000000003,-0.43
P208_P190,1.1222641653867513,1.1216719844755778,1.1506497651148473,1.1087116689584193,0.27,0.2,0.76,0.3,0.3,,,,,
P186_P191,1.1153903717789095,1.0441982394361973,1.1054465439483891,1.0052271121416034,0.27,0.36,0.59,0.3,0.57,,,,,
P186_P207,1.0303865363970113,0.9861281025932889,1.1054465439483891,1.0052271121416034,0.27,0.36,0.59,0.3,0.57,-0.10999999999999999,-0.28,0.30999999999999994,-0.2,0.13999999999999996
P186_P220,,0.184783,1.1054465439483891,1.0052271121416034,0.27,0.36,0.59,0.3,0.57,0.04000000000000001,-0.12,0.10999999999999999,0.15,0.19999999999999996
P191_P186,1.1237382644639375,1.0919721367959374,1.1386243260519642,1.0405604628274117,,,,,,,,,,
P191_P207,1.067480478242365,1.0677477197960177,1.1386243260519642,1.0405604628274117,,,,,,,,,,
P191_P220,,1.01087,1.1386243260519642,1.0405604628274117,,,,,,,,,,
P207_P186,1.068542180873016,1.0737037276216859,1.1212202580058797,1.0895300998286161,0.38,0.64,0.28,0.5,0.43,0.10999999999999999,0.28,-0.30999999999999994,0.2,-0.13999999999999996
P207_P191,1.085117572962648,1.0784363593792174,1.1212202580058797,1.0895300998286161,0.38,0.64,0.28,0.5,0.43,,,,,
P207_P220,,1.048913,1.1212202580058797,1.0895300998286161,0.38,0.64,0.28,0.5,0.43,0.15,0.16000000000000003,-0.19999999999999996,0.35,0.06
P220_P186,0.9104861586403507,0.9077146299366835,0.9122761731730388,0.8829816863039952,0.23,0.48,0.48,0.15,0.37,-0.04000000000000001,0.12,-0.10999999999999999,-0.15,-0.19999999999999996
P220_P191,0.9267704261460096,0.9279372699055332,0.9122761731730388,0.8829816863039952,0.23,0.48,0.48,0.15,0.37,,,,,
P220_P207,0.9314922440155939,0.9290181991228071,0.9122761731730388,0.8829816863039952,0.23,0.48,0.48,0.15,0.37,-0.15,-0.16000000000000003,0.19999999999999996,-0.35,-0.06
