P110,P117,P121,P135
0.0,0.0,0.0,0.0
0.0,0.0,0.0,0.0
0.0,0.286899210526316,0.0,0.0220252105263158
0.0,0.5,0.0,0.45461975
0.0,0.5,0.0,0.51087
0.0,0.5,0.0726544736842106,0.51087
0.0,0.5,0.504576736842105,0.51087
0.0,0.5,0.527174,0.51087
0.0,0.5,0.527174,0.51087
0.0,0.5,0.527174,0.51087
0.181636157894737,0.5,0.527174,0.51087
0.505148473684211,0.5,0.520022947368421,0.51087
0.516304,0.5,0.483409473684211,0.51087
0.516304,0.5,0.505435,0.51087
0.516304,0.5,0.505435,0.51087
0.516304,0.74771152631579,0.505435,0.51087
0.516304,0.88587,0.505435,0.51087
0.516304,0.88587,0.505435,0.51087
0.516304,0.88587,0.505435,0.51087
0.516304,0.88587,0.505435,0.51087
0.516304,0.88587,0.505435,0.51087
0.516304,0.88587,0.505435,0.51087
0.516304,0.88587,0.505435,0.51087
0.516304,0.88587,0.505435,0.51087
0.516304,0.88587,0.505435,0.51087
0.516304,0.88587,0.505435,0.51087
0.516304,0.88587,0.505435,0.51087
0.680491894736842,0.88587,0.505435,0.51087
0.9334243,0.88587,0.505435,0.51087
0.934783,0.88587,0.505435,0.51087
0.934783,0.88587,0.505435,0.51087
0.911899263157895,0.88587,0.505435,0.51087
0.891304,0.88587,0.634439421052632,0.51087
0.875571789473684,0.88587,0.732551421052632,0.51087
0.766304,0.88587,0.797482842105263,0.51087
0.766304,0.88587,0.820652,0.51087
0.821510315789474,0.88587,0.820652,0.51087
0.826087000000001,0.88587,0.820652,0.51087
0.826087000000001,0.88587,0.820652,0.566647789473684
0.826087000000001,0.88587,0.820652,0.795480736842105
0.826087000000001,0.893879105263158,0.820652,0.809783
0.826087000000001,0.929348000000001,0.820652,0.809783
0.826087000000001,0.929348000000001,0.820652,0.809783
0.826087000000001,0.929348000000001,0.820652,0.809783
0.826087000000001,0.929348000000001,0.821224105263158,0.809783
0.826087000000001,0.929348000000001,0.882436789473684,0.809783
0.826087000000001,0.929348000000001,0.891304,0.809783
0.826087000000001,0.929348000000001,0.891304,0.809783
0.826087000000001,0.929348000000001,0.891304,0.809783
0.826087000000001,0.929348000000001,0.891304,0.809783
0.826087000000001,0.929348000000001,0.891304,0.809783
0.826087000000001,0.929348000000001,0.891304,0.809783
0.826087000000001,0.929348000000001,0.905034,0.809783
0.826087000000001,0.929348000000001,1.01029721052632,0.809783
0.826087000000001,0.929348000000001,0.957379894736843,0.809783
0.826087000000001,0.929348000000001,0.951087000000001,0.809783
0.826087000000001,0.929348000000001,0.9616848,0.809783
0.826087000000001,0.929348000000001,0.978261,0.809783
0.826087000000001,0.929348000000001,0.978261,0.809783
0.826087000000001,0.929348000000001,0.978261,0.809783
0.826087000000001,0.929348000000001,0.978261,0.809783
0.8203806,0.929348000000001,0.978261,0.809783
0.809783,0.929348000000001,0.985412,0.809783
0.809783,0.929348000000001,1.005435,0.809783
0.809783,0.929348000000001,1.005435,0.809783
0.809783,0.929348000000001,1.005435,0.809783
0.809783,0.929348000000001,1.005435,0.809783
0.810069,0.996853578947368,1.005435,0.809783
0.852688894736842,1.005435,1.005435,0.809783
0.858123578947369,1.005435,1.005435,0.809783
0.930777947368421,1.005435,1.005435,0.809783
0.795766684210527,1.005435,1.005435,0.809783
0.612700263157895,1.005435,1.005435,0.809783
0.362414210526316,1.005435,1.005435,0.809783
0.974542526315789,1.005435,1.005435,0.809783
0.9877,1.005435,1.005435,0.809783
1.73340957894737,1.005435,1.005435,0.814359578947368
1.83152173684211,1.005435,1.005435,1.00966166666667
1.00800910526316,1.005435,1.005435,1.043478
0.972826000000001,1.005435,1.005435,1.043478
0.972826000000001,1.005435,1.005435,1.04004552631579
0.972826000000001,1.005435,1.005435,1.0
0.942505368421053,1.005435,1.005435,1.0
0.940217,1.005435,1.005435,1.01001136842105
0.940217,1.005435,1.00772331578947,1.038043
0.940217,1.005435,1.05863868421053,1.038043
0.940217,1.005435,1.31721963157895,1.038043
0.940217,1.005435,1.54376405263158,1.038043
0.940217,1.005435,1.603833,1.038043
0.940217,1.005435,1.99637683333333,1.038043
0.940217,1.005435,1.90303205263158,1.038043
0.940217,1.005435,1.42305484210526,1.038043
0.940217,1.005435,1.03318073684211,1.038043
0.940217,1.005435,1.00686526315789,1.038043
0.940217,1.005435,1.03718494736842,1.038043
0.940217,1.005435,1.038043,1.038043
0.9157606,1.005435,1.038043,1.038043
0.815217,1.12442794736842,1.038043,1.06235657894737
0.815217,1.52488521052632,1.038043,1.95251710526316
0.815217,1.87042315789474,1.038043,1.69851247368421
0.815217,1.22625868421053,1.038043,1.03918768421053
0.815217,1.059783,1.038043,1.027174
0.815217,1.059783,1.038043,1.027174
0.815217,1.059783,1.038043,1.027174
0.815217,1.059783,1.038043,1.027174
0.815217,1.059783,1.038043,1.027174
0.815217,1.059783,1.038043,1.027174
0.815217,1.059783,1.038043,1.027174
0.815217,1.059783,1.038043,1.027174
0.842391000000001,1.059783,1.038043,1.027174
0.821796157894737,1.059783,1.038043,1.027174
1.10183063157895,1.059783,1.038043,1.027174
1.944222,1.059783,1.038043,1.027174
1.09296331578947,1.059783,1.038043,1.027174
0.936499,1.059783,1.038043,1.027174
0.934783,1.059783,1.038043,1.027174
0.934783,1.059783,1.038043,1.027174
0.934783,1.059783,1.038043,1.027174
0.934783,1.059783,1.038043,1.027174
0.934783,1.059783,1.038043,1.027174
0.934783,1.059783,1.038043,1.027174
0.927234555555555,1.059783,1.038043,1.027174
0.896739,1.059783,1.038043,1.027174
0.896739,1.059783,1.038043,1.027174
0.934210631578947,1.059783,1.038043,1.027174
0.956522,1.059783,1.038043,1.027174
0.956522,1.059783,1.038043,1.027174
0.956522,1.03774155555556,1.038043,1.027174
0.928775842105263,1.016304,1.038043,1.027174
0.846395631578948,1.016304,1.038043,1.027174
0.836956,1.016304,1.038043,1.027174
0.836956000000001,1.016304,1.038043,1.027174
0.836956000000001,1.016304,1.038043,1.027174
0.836956000000001,1.016304,1.038043,1.027174
0.836956000000001,1.016304,1.038043,1.027174
0.836956000000001,1.016304,1.038043,1.027174
0.836956000000001,1.62385573684211,1.038043,1.03489694736842
0.850113947368421,2.0,1.038043,0.9999998
0.981979315789474,2.0,1.038043,0.967391000000001
0.9429349,2.0,1.038043,0.967391000000001
0.934783,2.0,1.038043,0.967391000000001
0.934783,1.73255152631579,1.038043,0.967391000000001
0.934783,1.16733405263158,1.038043,0.967391000000001
0.934783,1.097826,1.038043,0.967391000000001
0.934783,1.097826,1.038043,0.967391000000001
0.934783,1.097826,1.038043,0.967391000000001
0.934783,1.097826,1.038043,0.99374985
0.934783,1.097826,1.038043,1.043478
0.934783,1.097826,1.038043,1.043478
0.934783,1.097826,1.038043,1.043478
0.934783,1.097826,1.038043,1.043478
0.934783,1.097826,1.038043,1.043478
0.934783,1.097826,1.038043,1.043478
0.934783,1.097826,1.038043,1.043478
0.934783,1.097826,1.038043,1.043478
0.934783,1.097826,1.038043,1.043478
0.934783,1.097826,1.038043,1.043478
0.934783,1.097826,1.038043,1.043478
0.934783,1.097826,1.038043,1.043478
0.934783,1.03233705,1.18780161111111,1.043478
0.934783,1.027174,1.20108678947368,1.043478
0.934783,1.027174,1.157609,1.043478
0.934783,1.027174,1.157609,1.043478
0.934783,1.027174,1.157609,1.043478
0.934783,1.027174,1.157609,1.043478
0.934783,1.027174,1.157609,1.043478
0.934783,1.027174,1.157609,1.043478
0.934783,1.070924,1.157609,1.043478
0.934783,1.97222216666667,1.157609,1.043478
0.934783,1.82391305,1.157609,1.043478
0.934783,1.08581215789474,1.157609,1.043478
0.934783,1.043478,1.157609,1.043478
0.934783,1.043478,1.157609,1.043478
0.934783,1.043478,1.157609,1.043478
1.75686505263158,1.043478,1.25715126315789,1.043478
1.88586957894737,1.043478,1.19136163157895,1.043478
1.10898178947368,1.043478,1.179348,1.043478
1.01029768421053,1.043478,1.179348,1.043478
1.027174,1.043478,1.179348,1.043478
1.027174,1.043478,1.179348,1.043478
1.027174,1.043478,1.179348,1.043478
1.027174,1.043478,1.179348,1.043478
1.027174,1.043478,1.179348,1.043478
1.027174,1.043478,1.179348,1.043478
1.027174,1.043478,1.179348,1.043478
1.027174,1.043478,1.179348,1.043478
1.027174,1.043478,1.179348,1.043478
1.027174,1.043478,1.179348,1.043478
1.027174,1.043478,1.179348,1.043478
1.027174,1.043478,1.179348,1.043478
1.027174,1.32780305263158,1.179348,1.043478
1.027174,1.99656747368421,1.179348,1.043478
1.027174,2.0,1.179348,1.043478
1.027174,2.0,1.179348,1.043478
1.027174,2.0,1.18125015,1.043478
1.027174,2.0,1.66905021052632,1.043478
1.027174,2.0,1.60783736842105,1.043478
1.027174,1.85068647368421,1.10211689473684,1.043478
1.027174,1.08094942105263,1.081522,1.043478
1.027174,1.043478,1.07236831578947,1.043478
1.027174,1.043478,1.065217,1.043478
1.027174,1.043478,1.065217,1.043478
1.027174,1.043478,1.065217,1.06578926315789
1.027174,1.043478,1.065217,1.90675057894737
1.027174,1.043478,1.065217,2.0
1.027174,1.043478,1.065217,2.0
1.027174,1.043478,1.065217,2.0
1.027174,1.043478,1.065217,2.0
1.027174,1.043478,1.065217,1.99713963157895
1.027174,1.043478,1.065217,1.98941668421053
1.027174,1.043478,1.065217,2.0
1.027174,1.043478,1.065217,1.55863831578947
1.027174,1.043478,1.065217,0.98283747368421
1.027174,1.043478,1.065217,0.999713947368421
1.027174,1.043478,1.065217,1.39216257894737
1.027174,1.043478,1.065217,2.0
1.027174,1.043478,1.065217,1.86896138888889
1.027174,1.043478,1.065217,1.13586942105263
1.027174,1.043478,1.065217,1.03861510526316
1.027174,1.043478,1.065217,1.038043
1.027174,1.043478,1.065217,1.038043
1.027174,1.043478,1.065217,1.038043
1.027174,1.043478,1.065217,1.038043
1.027174,1.043478,1.065217,1.038043
1.027174,1.043478,1.065217,1.038043
1.027174,1.043478,1.065217,1.038043
1.027174,1.043478,1.22311184210526,1.038043
1.027174,1.043478,1.97625857894737,1.038043
1.027174,1.043478,2.0,1.038043
1.027174,1.043478,1.98855836842105,1.038043
1.027174,1.043478,1.51962561111111,1.038043
1.027174,1.043478,1.07208252631579,1.038043
1.027174,1.043478,1.054348,1.038043
1.027174,1.043478,1.054348,1.038043
1.027174,1.043478,1.054348,1.038043
1.027174,1.043478,1.054348,1.038043
1.027174,1.043478,1.054348,1.038043
1.027174,1.043478,1.054348,1.038043
1.02657011111111,1.043478,1.054348,1.48712789473684
1.08094973684211,1.043478,1.054348,2.0
1.80749410526316,1.043478,1.054348,2.0
1.04118984210526,1.043478,1.054348,2.0
1.027174,1.043478,1.054348,2.0
1.027174,1.043478,1.054348,2.0
1.027174,1.043478,1.054348,1.88987410526316
1.027174,1.043478,1.054348,1.10554926315789
1.027174,1.043478,1.054348,1.070652
1.027174,1.043478,1.054348,1.070652
1.027174,1.80835247368421,1.054348,1.070652
1.027174,1.08781447368421,1.054348,1.070652
1.027174,1.070652,1.054348,1.070652
1.027174,1.070652,1.054348,1.070652
1.027174,1.070652,1.054348,1.070652
1.027174,1.070652,1.054348,1.070652
1.027174,1.070652,1.054348,1.070652
1.027174,1.070652,1.054348,1.070652
1.027174,1.070652,1.054348,1.070652
1.027174,1.070652,1.054348,1.070652
1.027174,1.070652,1.054348,1.08409594736842
1.027174,1.070652,1.054348,1.88043483333333
1.027174,1.070652,1.054348,2.0
1.027174,1.070652,1.054348,2.0
1.027174,1.070652,1.054348,1.91676194736842
1.027174,1.070652,1.054348,1.65017157894737
1.027174,1.070652,1.054348,1.28623177777778
1.027174,1.070652,1.054348,1.086956
1.027174,1.070652,1.054348,1.086956
1.027174,1.070652,1.054348,1.086956
1.027174,1.070652,1.054348,1.086956
1.027174,1.070652,1.054348,1.086956
1.027174,1.070652,1.054348,1.086956
1.027174,1.070652,1.054348,1.086956
1.027174,1.070652,1.054348,1.086956
1.027174,1.070652,1.054348,1.086956
1.027174,1.070652,1.054348,1.086956
1.027174,1.070652,1.054348,1.086956
1.027174,1.070652,1.054348,1.086956
1.027174,1.070652,1.054348,1.086956
1.027174,1.070652,1.054348,1.086956
1.027174,1.070652,1.054348,1.086956
1.027174,1.070652,1.054348,1.086956
1.027174,1.070652,1.054348,1.086956
1.027174,1.070652,1.054348,1.086956
1.027174,1.070652,1.054348,1.086956
1.08409615789474,1.070652,1.054348,1.086956
1.15503452631579,1.070652,1.08333322222222,1.086956
1.26744863157895,1.070652,1.092391,1.086956
1.23340968421053,1.070652,1.092391,1.086956
1.072826,1.070652,1.092391,1.086956
1.06721936842105,1.11613263157895,1.092391,1.50715084210526
1.065217,1.22597263157895,1.092391,2.0
1.03546915789474,1.14273457894737,1.092391,1.88129284210526
1.01087,1.081522,1.092391,1.10068652631579
1.015732,1.09668205263158,1.092391,1.027174
1.016304,1.13386763157895,1.25486247368421,1.027174
1.016304,1.13587,1.8942935,1.027174
1.016304,1.13587,1.10783736842105,1.027174
1.016304,1.13587,1.065217,1.027174
1.016304,1.18649894736842,1.065217,1.027174
1.016304,1.59267726315789,1.065217,1.027174
1.04977105263158,1.98913042105263,1.492849,1.027174
1.070652,1.3820653,1.14874136842105,1.027174
1.070652,1.07759661111111,1.059783,1.027174
1.070652,1.076087,1.059783,1.027174
1.070652,1.076087,1.059783,1.027174
1.070652,1.08967394444444,1.059783,1.027174
1.070652,1.8907608,1.059783,1.027174
1.070652,2.0,1.059783,1.027174
1.070652,1.58061588888889,1.059783,1.027174
1.070652,1.10383268421053,1.059783,1.027174
1.070652,1.086956,1.059783,1.027174
1.070652,1.086956,1.059783,1.027174
1.070652,1.086956,1.059783,1.027174
1.05949642105263,1.086956,1.059783,1.027174
1.00114421052632,1.086956,1.059783,1.83867278947368
1.0,1.086956,1.059783,1.98770021052632
1.0,1.086956,1.059783,1.52475844444444
1.0,1.086956,1.059783,1.04919873684211
1.0,1.086956,1.059783,1.038043
1.0,1.086956,1.059783,1.038043
1.0,1.086956,1.059783,1.08094921052632
1.0,1.086956,1.059783,1.95737978947368
1.0,1.086956,1.059783,2.0
1.0,1.086956,1.059783,2.0
1.0,1.086956,1.059783,1.94746372222222
1.0,1.086956,1.059783,1.3272312631579
1.0,1.086956,1.059783,1.033467
1.0,1.086956,1.059783,1.032609
1.0,1.086956,1.059783,1.032609
1.0,1.086956,1.059783,1.032609
1.0,1.086956,1.059783,1.37500010526316
1.0,1.086956,1.059783,2.0
1.0,1.086956,1.059783,2.0
1.0,1.086956,1.059783,2.0
1.0,1.086956,1.059783,2.0
1.0,1.086956,1.059783,1.92361105555556
1.0,1.097826,1.059783,1.14565215
1.65274589473684,1.108696,1.059783,1.032609
1.4853262,1.108696,1.059783,1.032609
0.996980555555556,1.108696,1.059783,1.032609
0.994565,1.108696,1.059783,1.032609
1.008867,1.108696,1.059783,1.032609
1.016304,1.108696,1.059783,1.032609
1.016304,1.108696,1.059783,1.032609
1.016304,1.108696,1.059783,1.032609
1.016304,1.108696,1.059783,1.032609
1.016304,1.108696,1.059783,1.032609
1.016304,1.108696,1.059783,1.032609
1.016304,1.108696,1.059783,1.032609
1.016304,1.108696,1.059783,1.032609
1.016304,1.108696,1.059783,1.032609
1.016304,1.108696,1.059783,1.032609
1.016304,1.108696,1.059783,1.032609
1.016304,1.108696,1.059783,1.032609
1.016304,1.108696,1.059783,1.032609
1.016304,1.108696,1.059783,1.032609
1.016304,1.108696,1.059783,1.032609
1.016304,1.108696,1.059783,1.032609
1.016304,1.108696,1.059783,1.032609
1.016304,1.108696,1.059783,1.032609
1.016304,1.108696,1.059783,1.032609
1.016304,1.108696,1.059783,1.032609
1.016304,1.108696,1.059783,1.032609
1.016304,1.108696,1.059783,1.032609
1.016304,1.108696,1.059783,1.032609
1.016304,1.108696,1.059783,1.032609
1.016304,1.108696,1.059783,1.032609
1.016304,1.108696,1.059783,1.032609
1.016304,1.108696,1.53918773684211,1.032609
1.016304,1.108696,2.0,1.032609
1.016304,1.108696,1.75457663157895,1.032609
1.016304,1.47425647368421,1.10726542105263,1.032609
1.016304,1.8535326,1.04862689473684,1.032609
1.76172773684211,1.12499972222222,0.978261,1.032609
1.08524026315789,1.11413,0.957665947368421,1.032609
1.046911,1.10097210526316,0.907609000000001,1.032609
1.059783,1.086956,0.94736852631579,1.032609
1.059783,1.086956,0.994565,1.032609
1.059783,1.086956,0.994565,1.032609
1.059783,1.086956,0.994565,1.032609
1.059783,1.086956,0.994565,1.12299794736842
1.059783,1.086956,0.994565,1.92448515789474
1.059783,1.086956,0.994565,1.51573221052632
1.059783,1.086956,0.994565,1.04519463157895
1.059783,1.086956,0.994565,1.04805484210526
1.059783,1.086956,0.994565,1.048913
1.059783,1.086956,0.994565,1.048913
1.059783,1.086956,0.994565,1.048913
1.059783,1.086956,0.994565,1.048913
1.059783,1.086956,0.994565,1.048913
1.059783,1.086956,0.994565,1.048913
1.059783,1.086956,0.994565,1.048913
1.059783,1.086956,0.994565,1.048913
1.059783,1.086956,0.994565,1.048913
1.059783,1.82494273684211,0.994565,1.048913
1.059783,2.0,0.994565,1.048913
1.059783,2.0,0.994565,1.048913
1.059783,1.423055,0.994565,1.06493131578947
1.059783,1.043478,0.994565,1.12700247368421
1.059783,1.043478,0.994565,1.08514488888889
1.059783,1.043478,0.994565,1.059783
1.059783,1.043478,0.994565,1.059783
1.059783,1.043478,0.994565,1.059783
1.059783,1.043478,0.994565,1.059783
1.059783,1.043478,0.994565,1.059783
1.059783,1.043478,0.994565,1.059783
1.059783,1.043478,0.994565,1.059783
1.059783,1.043478,0.994565,1.059783
1.059783,1.043478,0.994565,1.11355836842105
1.059783,1.043478,0.994565,1.125
1.059783,1.043478,0.994565,1.125
1.059783,1.043478,0.994565,1.125
1.059783,1.043478,0.994565,1.125
1.059783,1.303478,0.994565,1.125
1.059783,1.643478,0.994565,1.125
1.059783,1.6321737,0.994565,1.125
1.059783,1.41998794444444,0.994565,1.39673922222222
1.059783,1.1804347,0.994565,1.38641305
1.059783,1.097826,0.994565,1.12843257894737
1.05463421052632,1.097826,0.994565,1.10440521052632
0.950800789473685,1.097826,0.994565,1.108696
0.961956,1.097826,0.994565,1.108696
0.961956,1.097826,0.994565,1.108696
0.961956,1.097826,0.994278947368421,1.108696
0.961956,1.097826,1.02660189473684,1.108696
0.961956,1.097826,1.027174,1.108696
0.961956,1.097826,1.027174,1.108696
0.961956,1.097826,1.027174,1.108696
0.961956,1.097826,1.027174,1.108696
0.961956,1.097826,1.027174,1.108696
0.961956,1.097826,1.027174,1.108696
0.961956,1.097826,1.027174,1.108696
0.961956,1.097826,1.027174,1.108696
0.961956,1.097826,1.027174,1.108696
0.961956,1.097826,1.027174,1.108696
0.961956,1.097826,1.027174,1.108696
0.961956,1.097826,1.027174,1.108696
0.961956,1.097826,1.027174,1.108696
0.961956,1.097826,1.027174,1.108696
0.961956,1.097826,1.027174,1.108696
0.961956,1.097826,1.027174,1.108696
0.961956,1.097826,1.027174,1.108696
0.961956,1.097826,1.027174,1.108696
0.961956,1.097826,1.027174,1.108696
0.961956,1.097826,1.027174,1.108696
0.961956,1.097826,1.027174,1.25452911111111
0.961956,1.097826,1.027174,1.93363842105263
0.961956,1.097826,1.027174,1.62499994736842
0.961956,1.097826,1.027174,1.08581236842105
0.961956,1.097826,1.027174,1.076087
0.961956,1.097826,1.027174,1.076087
0.961956,1.097826,1.027174,1.076087
0.961956,1.097826,1.027174,1.076087
0.961956,1.097826,1.027174,1.076087
0.961956,1.097826,1.1989735,1.076087
0.961956,1.097826,1.85125852631579,1.076087
0.961956,1.097826,1.12271157894737,1.076087
0.961956,1.097826,1.06550305263158,1.076087
0.961956,1.097826,1.065217,1.076087
0.961956,1.097826,1.065217,1.076087
0.961956,1.097826,1.065217,1.076087
0.961956,1.097826,1.065217,1.076087
0.961956,1.097826,1.065217,1.076087
0.961956,1.097826,1.065217,1.076087
0.961956,1.097826,1.065217,1.076087
0.961956,1.097826,1.065217,1.076087
0.961956,1.097826,1.065217,1.076087
0.961956,1.097826,1.065217,1.076087
0.961956,1.097826,1.065217,1.076087
0.961956,1.097826,1.065217,1.076087
0.961956,1.097826,1.065217,1.076087
1.41590368421053,1.097826,1.065217,1.076087
2.0,1.097826,1.065217,1.076087
1.75572078947368,1.097826,1.065217,1.076087
0.981693263157895,1.097826,1.065217,1.076087
0.994565,1.097826,1.065217,1.076087
0.994565,1.09153305263158,1.065217,1.076087
0.994565,1.02889021052632,1.065217,1.076087
0.994565,1.027174,1.065217,1.076087
0.994565,1.027174,1.065217,1.076087
0.994565,1.027174,1.065217,1.15217394444444
0.994565,1.027174,1.065217,1.9671196
0.994565,1.027174,1.065217,2.0
0.994565,1.027174,1.065217,1.87871852631579
0.994565,1.027174,1.065217,1.26830668421053
0.994565,1.027174,1.065217,1.032609
0.994565,1.027174,1.065217,1.032609
0.994565,1.027174,1.065217,1.032609
0.994565,1.027174,1.065217,1.032609
1.38157884210526,1.027174,1.065217,1.032609
2.0,1.027174,1.09239126315789,1.05663631578947
2.0,1.027174,1.103261,1.13987389473684
2.0,1.027174,1.103261,1.141304
1.55720821052632,1.027174,1.103261,1.141304
1.00057194736842,1.027174,1.103261,1.141304
1.14359247368421,1.027174,1.103261,1.141304
1.57008005263158,1.027174,1.103261,1.141304
1.04147578947368,1.027174,1.103261,1.141304
1.005435,1.027174,1.103261,1.141304
1.005435,1.15700483333333,1.103261,1.141304
1.005435,1.97717395,1.103261,1.141304
1.005435,1.98941647368421,1.103261,1.141304
1.005435,1.23626994736842,1.103261,1.141304
1.005435,1.038043,1.103261,1.141304
1.005435,1.038043,1.103261,1.141304
1.005435,1.038043,1.103261,1.141304
1.005435,1.038043,1.103261,1.141304
1.005435,1.038043,1.103261,1.141304
1.005435,1.038043,1.08272955555556,1.141304
1.005435,1.038043,1.03432468421053,1.141304
1.13300915789474,1.038043,1.038043,1.141304
1.87271168421053,1.038043,1.038043,1.141304
2.0,1.038043,1.038043,1.141304
2.0,1.038043,1.038043,1.141304
2.0,1.038043,1.038043,1.141304
2.0,1.038043,1.038043,1.141304
2.0,1.038043,1.038043,1.141304
1.40428744444444,1.038043,1.038043,1.141304
1.01087,1.038043,1.038043,1.141304
1.01087,1.038043,1.038043,1.141304
1.01087,1.038043,1.038043,1.141304
1.01600266666667,1.038043,1.038043,1.141304
1.04662457894737,1.038043,1.038043,1.141304
1.048913,1.038043,1.038043,1.141304
1.048913,1.038043,1.038043,1.141304
1.048913,1.038043,1.038043,1.141304
1.048913,1.038043,1.038043,1.141304
1.048913,1.038043,1.038043,1.141304
1.048913,1.038043,1.038043,1.141304
1.048913,1.038043,1.038043,1.141304
1.048913,1.038043,1.038043,1.141304
1.048913,1.038043,1.038043,1.141304
1.048913,1.038043,1.038043,1.141304
1.048913,1.038043,1.038043,1.141304
1.048913,1.038043,1.038043,1.141304
1.048913,1.038043,1.038043,1.141304
1.048913,1.45709363157895,1.01115515789474,1.141304
1.048913,2.0,0.961956,1.141304
1.048913,2.0,0.961956,1.141304
1.048913,2.0,0.884153157894737,1.141304
1.048913,2.0,0.896739111111111,1.141304
1.048913,2.0,0.96548915,1.141304
1.048913,1.85755147368421,1.02145294736842,1.141304
1.048913,1.10383310526316,1.027174,1.141304
1.048913,1.059783,1.027174,1.141304
1.048913,1.059783,1.027174,1.141304
1.048913,1.059783,1.027174,1.141304
1.048913,1.059783,1.027174,1.141304
1.048913,1.059783,1.027174,1.141304
1.048913,1.059783,1.027174,1.141304
1.048913,1.059783,1.027174,1.141304
1.048913,1.059783,1.027174,1.141304
1.048913,1.059783,1.027174,1.141304
1.048913,1.059783,1.027174,1.141304
1.048913,1.059783,1.027174,1.141304
1.048913,1.059783,1.027174,1.141304
1.048913,1.059783,1.027174,1.141304
1.048913,1.059783,1.027174,1.141304
1.048913,1.059783,1.027174,1.141304
1.048913,1.059783,1.027174,1.141304
1.048913,1.059783,1.027174,1.141304
1.048913,1.059783,1.027174,1.141304
1.048913,1.059783,1.027174,1.141304
1.048913,1.059783,1.027174,1.141304
1.048913,1.059783,1.027174,1.141304
1.048913,1.059783,1.027174,1.141304
1.048913,1.059783,1.027174,1.141304
1.048913,1.059783,1.027174,1.141304
1.048913,1.18049221052632,1.027174,1.141304
1.048913,1.98054921052632,1.027174,1.141304
1.12167888888889,2.0,1.027174,1.141304
1.09096115789474,2.0,1.027174,1.141304
1.15331810526316,1.80406178947368,1.027174,1.14530863157895
1.10469089473684,1.11556073684211,1.027174,1.1809785
1.092391,1.081522,1.027174,1.184783
1.092391,1.081522,1.027174,1.12242542105263
1.092391,1.081522,1.027174,1.11413
1.092391,1.081522,1.027174,1.11413
1.51401589473684,1.081522,1.027174,1.11413
2.0,1.081522,1.027174,1.11413
2.0,1.617563,1.03318084210526,1.11413
2.0,2.0,1.070652,1.11413
2.0,2.0,1.06979384210526,1.11413
2.0,1.99154588888889,1.065217,1.11413
1.49728255,1.22654463157895,1.065217,1.11413
1.07093805263158,1.076087,1.065217,1.11413
1.070652,1.076087,1.065217,1.11413
1.070652,1.076087,1.065217,1.11413
1.070652,1.076087,1.065217,1.11413
1.070652,1.076087,1.065217,1.11413
1.070652,1.076087,1.065217,1.11413
1.070652,1.076087,1.065217,1.11413
1.070652,1.076087,1.065217,1.11413
1.070652,1.076087,1.065217,1.11413
1.070652,1.076087,1.065217,1.11413
1.070652,1.076087,1.065217,1.11413
1.070652,1.076087,1.065217,1.11413
1.070652,1.076087,1.065217,1.11413
1.070652,1.076087,1.065217,1.11413
1.070652,1.076087,1.065217,1.11413
1.070652,1.076087,1.065217,1.11413
1.070652,1.076087,1.065217,1.11413
1.070652,1.076087,1.065217,1.11413
1.070652,1.076087,1.065217,1.11413
1.070652,1.076087,1.065217,1.11413
1.070652,1.076087,1.065217,1.11413
1.070652,1.076087,1.065217,1.11413
1.070652,1.076087,1.065217,1.11413
1.070652,1.076087,1.065217,1.11413
1.070652,1.076087,1.065217,1.11413
1.070652,1.076087,1.065217,1.11413
1.070652,1.076087,1.065217,1.11413
1.070652,1.076087,1.065217,1.11413
1.070652,1.076087,1.065217,1.11413
1.070652,1.076087,1.065217,1.11413
1.070652,1.076087,1.065217,1.11413
1.05120121052632,1.076087,1.065217,1.11413
1.043478,1.076087,1.065217,1.11413
1.043478,1.076087,1.065217,1.11413
1.043478,1.076087,1.065217,1.11413
1.043478,1.076087,1.065217,1.11413
1.043478,1.076087,1.065217,1.11413
1.043478,1.076087,1.065217,1.11413
1.043478,1.076087,1.065217,1.11413
1.043478,1.076087,1.065217,1.11413
1.043478,1.076087,1.065217,1.11413
1.043478,1.076087,1.065217,1.11413
1.043478,1.076087,1.065217,1.11413
1.043478,1.076087,1.065217,1.11413
1.043478,1.076087,1.065217,1.11413
1.043478,1.076087,1.065217,1.11413
1.043478,1.076087,1.065217,1.11413
1.043478,1.076087,1.065217,1.11413
1.043478,1.076087,1.065217,1.11413
1.043478,1.076087,1.06264268421053,1.11413
1.043478,1.076087,1.032895,1.11413
1.043478,1.076087,1.032609,1.11413
1.043478,1.076087,1.032609,1.11413
1.043478,1.076087,1.032609,1.11413
1.043478,1.076087,1.032609,1.11413
1.043478,1.076087,1.032609,1.30663610526316
1.043478,1.076087,1.032609,1.56779168421053
1.043478,1.076087,1.032609,1.06064084210526
1.043478,1.076087,1.032609,1.054348
1.043478,1.076087,1.032609,1.054348
1.043478,1.076087,1.032609,1.054348
1.043478,1.076087,1.032609,1.16086955
1.043478,1.076087,1.032609,1.23007255555556
1.043478,1.076087,1.032609,1.255435
1.043478,1.076087,1.032609,1.255435
1.043478,1.076087,1.032609,1.255435
1.043478,1.076087,1.032609,1.14244863157895
1.043478,1.076087,1.032609,1.07151010526316
1.043478,1.076087,1.032609,1.070652
1.043478,1.076087,1.032609,1.070652
1.043478,1.076087,1.032609,1.10955357894737
1.29176184210526,1.076087,1.032609,1.146739
1.92734563157895,1.076087,1.032609,1.146739
1.98741415789474,0.868707105263158,1.032609,1.146739
1.17963378947368,0.463386789473684,1.032609,1.146739
1.027174,0.0199272222222223,1.032609,1.146739
1.027174,-0.038044,1.032609,1.146739
1.027174,-0.0576091999999999,1.032609,1.146739
1.027174,-0.424771368421053,1.032609,1.146739
1.027174,-0.493134842105263,1.032609,1.146739
1.027174,-0.467105210526316,1.032609,1.146739
1.027174,0.150457578947369,1.032609,1.146739
1.027174,0.551201421052632,1.032609,1.146739
1.027174,0.863272105263158,1.032609,1.146739
1.027174,0.940217,1.032609,1.146739
1.027174,0.940217,1.032609,1.146739
1.715103,0.940217,1.032609,1.146739
1.68649894736842,0.940217,1.032609,1.146739
1.94536610526316,0.940217,1.032609,1.146739
2.0,0.940217,1.032609,1.15017142105263
1.74399315789474,0.940217,1.032609,1.163043
1.04233405263158,0.940217,1.032609,1.163043
1.01087,0.940217,1.032609,1.163043
1.23884468421053,0.940217,1.032609,1.163043
2.0,0.940217,1.032609,1.163043
2.0,0.940217,1.032609,1.163043
1.98712821052632,0.940217,1.032609,1.163043
1.35125847368421,0.940217,1.032609,1.163043
1.021739,0.940217,1.032609,1.163043
1.021739,0.940217,1.032609,1.163043
1.021739,0.940217,1.032609,1.163043
1.021739,0.940217,1.45951105,1.163043
1.021739,0.940217,2.0,1.163043
1.021739,0.940217,2.0,1.163043
1.021739,0.940217,2.0,1.163043
1.021739,0.940217,2.0,1.163043
1.021739,0.940217,2.0,1.163043
1.021739,0.940217,2.0,1.163043
1.021739,0.940217,2.0,1.163043
1.021739,0.940217,2.0,1.163043
1.021739,0.940217,2.0,1.163043
1.021739,0.940217,2.0,1.163043
1.021739,0.940217,1.55949657894737,1.163043
1.021739,0.940217,1.11594161111111,1.16447321052632
1.021739,0.940217,1.11413,1.19994278947368
1.021739,0.940217,1.11413,1.11699094736842
1.021739,1.44078931578947,1.11413,1.157609
1.021739,2.0,1.11413,1.157609
1.021739,2.0,1.11413,1.157609
1.021739,2.0,1.11413,1.157609
1.021739,2.0,1.11413,1.157609
1.021739,2.0,1.11413,1.157609
1.021739,2.0,1.11413,1.157609
1.021739,1.88872989473684,1.11413,1.157609
1.021739,1.504227,1.11413,1.157609
1.021739,0.949656842105263,1.11413,1.157609
1.021739,1.027174,1.11413,1.157609
1.021739,1.027174,1.11413,1.157609
1.021739,1.027174,1.11413,1.28804373684211
1.021739,1.027174,1.11413,1.97082378947368
1.021739,1.027174,1.11413,2.0
1.021739,1.027174,1.11413,1.74799768421053
1.021739,1.027174,1.11413,1.11222825
1.021739,1.027174,1.11413,1.076087
1.021739,1.027174,1.11413,1.076087
1.021739,1.027174,1.11413,1.076087
1.021739,1.027174,1.11413,1.076087
1.021739,1.027174,1.11413,1.076087
1.021739,1.027174,1.11413,1.076087
1.021739,1.027174,1.11413,1.076087
1.021739,1.027174,1.11413,1.076087
1.021739,1.027174,1.11413,1.076087
1.021739,1.027174,1.11413,1.076087
1.021739,1.027174,1.11413,1.076087
1.021739,1.027174,1.11413,1.076087
1.021739,1.027174,1.11413,1.076087
1.021739,1.027174,1.11413,1.076087
1.021739,1.027174,1.11413,1.076087
1.021739,1.027174,1.11413,1.076087
1.021739,1.027174,1.11413,1.076087
1.021739,1.027174,1.11413,1.076087
1.021739,1.027174,1.11413,1.076087
1.021739,1.027174,1.11413,1.076087
1.021739,1.027174,1.11413,1.076087
1.021739,1.57437073684211,1.11413,1.10706555
1.021739,2.0,1.11413,1.108696
1.021739,2.0,1.11413,1.10983978947368
1.021739,2.0,1.11413,1.07808889473684
1.021739,1.655163,1.11413,1.065217
1.021739,1.03592966666667,1.11413,1.065217
1.021739,1.016304,1.11413,1.065217
1.021739,1.016304,1.11413,1.065217
1.021739,1.016304,1.11413,1.065217
1.021739,1.016304,1.11413,1.065217
1.021739,1.016304,1.11413,1.065217
1.021739,1.016304,1.11413,1.065217
1.021739,1.016304,1.11413,1.065217
1.021739,1.016304,1.11413,1.065217
1.021739,1.016304,1.11413,1.065217
1.021739,1.016304,1.52602968421053,1.065217
1.021739,1.016304,1.79287438888889,1.065217
1.021739,1.016304,1.12185336842105,1.065217
1.021739,1.016304,1.086956,1.065217
1.021739,1.016304,1.086956,1.065217
1.021739,1.016304,1.086956,1.065217
1.021739,1.016304,1.086956,1.065217
1.021739,1.016304,1.086956,1.08323768421053
1.021739,1.016304,1.086956,1.85175122222222
1.021739,1.016304,1.086956,2.0
1.021739,1.016304,1.086956,1.96939363157895
1.021739,1.016304,1.086956,1.656703
1.021739,1.016304,1.086956,1.18792884210526
1.021739,1.016304,1.086956,1.092391
1.021739,1.016304,1.086956,1.092391
1.021739,1.016304,1.086956,1.092391
1.021739,1.016304,1.086956,1.092391
1.021739,1.016304,1.086956,1.092391
1.021739,1.016304,1.086956,1.092391
1.021739,1.016304,1.086956,1.092391
1.021739,1.016304,1.086956,1.092391
1.021739,1.016304,1.086956,1.092391
1.021739,1.016304,1.086956,1.092391
1.021739,1.016304,1.086956,1.092391
1.021739,1.016304,1.086956,1.092391
1.021739,1.016304,1.086956,1.092391
1.021739,1.016304,1.086956,1.092391
1.021739,1.016304,1.086956,1.092391
1.04691047368421,1.016304,1.10658172222222,1.092391
1.03432521052632,1.016304,1.88369565,1.092391
1.032609,1.016304,2.0,1.092391
1.032609,1.016304,1.99969805555556,1.092391
1.032609,1.016304,1.59525173684211,1.092391
1.032609,1.016304,1.0995422631579,1.092391
1.032609,1.016304,1.097826,1.092391
1.032609,1.016304,1.097826,1.51315784210526
1.032609,1.016304,1.097826,2.0
1.032609,1.016304,1.097826,2.0
1.032609,1.016304,1.097826,1.77889021052632
1.032609,1.016304,1.097826,1.18077810526316
1.032609,1.016304,1.64824872222222,1.103261
1.03890184210526,1.016304,2.0,1.103261
1.05205957894737,1.016304,2.0,1.103261
1.02202505263158,1.016304,2.0,1.103261
1.021739,1.016304,2.0,1.103261
1.021739,1.016304,2.0,1.103261
1.021739,1.016304,2.0,1.103261
1.021739,1.016304,2.0,1.103261
1.021739,1.04919878947368,2.0,1.12814657894737
1.021739,1.86184210526316,2.0,1.15160168421053
1.021739,2.0,1.96939357894737,1.119565
1.021739,1.99809785,1.56893589473684,1.119565
1.021739,1.24342115789474,1.07208226315789,1.119565
1.021739,1.04319194736842,1.070652,1.119565
1.021739,1.038043,1.070652,1.119565
1.021739,1.038043,1.070652,1.119565
1.021739,1.038043,1.070652,1.119565
1.021739,1.038043,1.070652,1.119565
1.021739,1.038043,1.070652,1.119565
1.021739,1.038043,1.070652,1.119565
1.021739,1.038043,1.070652,1.119565
1.021739,1.038043,1.070652,1.119565
1.021739,1.038043,1.070652,1.119565
1.021739,1.038043,1.070652,1.119565
1.021739,1.038043,1.070652,1.119565
1.021739,1.038043,1.070652,1.119565
1.021739,1.038043,1.070652,1.119565
1.021739,1.038043,1.070652,1.119565
1.021739,1.038043,1.070652,1.119565
1.021739,1.038043,1.070652,1.119565
1.021739,1.038043,1.070652,1.119565
1.021739,1.038043,1.070652,1.119565
1.021739,1.038043,1.070652,1.119565
1.021739,1.038043,1.070652,1.119565
1.021739,1.07408426315789,1.070652,1.119565
1.021739,1.68678473684211,1.070652,1.119565
1.021739,1.13644142105263,1.070652,1.119565
1.021739,1.086956,1.070652,1.11270005263158
1.021739,1.086956,1.070652,1.07837515789474
1.021739,1.086956,1.070652,1.113844
1.021739,1.086956,1.070652,1.11413
1.021739,1.086956,1.070652,1.11413
1.021739,1.086956,1.070652,1.11413
1.021739,1.086956,1.070652,1.11413
1.021739,1.086956,1.070652,1.11413
1.021739,1.086956,1.070652,1.11413
1.021739,1.086956,1.070652,1.11413
1.021739,1.086956,1.070652,1.11413
1.021739,1.086956,1.070652,1.11413
1.021739,1.3834236,1.070652,1.11413
0.996853526315789,1.95652178947368,1.070652,1.11413
0.978261,1.17210133333333,1.070652,1.11413
0.978261,1.065217,1.070652,1.11413
0.978261,1.065217,1.070652,1.11413
1.18478265,1.065217,1.070652,1.08695633333333
1.97373188888889,1.065217,1.070652,1.054348
1.2366847,1.065217,1.070652,1.054348
1.01660594444444,1.065217,1.070652,1.054348
1.016304,1.065217,1.070652,1.054348
0.980835315789474,1.065217,1.070652,1.054348
1.02545773684211,1.065217,1.070652,1.054348
1.027174,1.065217,1.070652,1.054348
1.027174,1.065217,1.070652,1.054348
1.027174,1.065217,1.070652,1.054348
1.027174,1.065217,1.070652,1.054348
1.027174,1.065217,1.07457716666667,1.054348
1.027174,1.065217,1.103261,1.1410325
1.027174,1.065217,1.103261,1.168478
1.027174,1.065217,1.103261,1.168478
1.027174,1.065217,1.103261,1.60354678947368
1.027174,1.065217,1.103261,2.0
1.027174,1.065217,1.103261,2.0
1.027174,1.065217,1.103261,2.0
1.027174,1.065217,1.1062501,1.8000572631579
1.027174,1.065217,1.77355072222222,1.32723110526316
1.027174,1.065217,2.0,1.03203647368421
1.027174,1.065217,1.944508,1.043478
1.26516015789474,1.065217,1.13501142105263,1.049771
1.65298905,1.065217,1.032609,1.081522
1.06550331578947,1.065217,1.032609,1.081522
1.038043,1.065217,1.032609,1.081522
1.038043,1.065217,1.032609,1.081522
1.038043,1.065217,1.032609,1.081522
1.038043,1.065217,1.032609,1.081522
1.038043,1.065217,1.032609,1.081522
1.038043,1.065217,1.09467978947368,1.081522
1.038043,1.3323367,1.08363544444444,1.081522
1.04290589473684,1.91790615789474,1.059783,1.081522
1.054348,1.21081247368421,1.059783,1.081522
1.054348,1.059783,1.059783,1.081522
1.054348,1.059783,1.059783,1.081522
1.054348,1.059783,1.059783,1.081522
1.054348,1.059783,1.059783,1.081522
1.054348,1.059783,1.059783,1.081522
1.054348,1.059783,1.059783,1.081522
1.054348,1.059783,1.02059526315789,1.081522
1.054348,1.059783,0.877574473684211,1.081522
1.054348,1.059783,0.809178555555556,1.081522
1.054348,1.059783,0.770023105263158,1.081522
1.054348,1.059783,0.76087,1.081522
1.054348,1.059783,0.76087,1.081522
1.054348,1.059783,0.76087,1.081522
1.054348,1.059783,0.76087,1.081522
1.054348,1.059783,0.76087,1.081522
1.054348,1.059783,0.921338894736842,1.081522
1.054348,1.059783,1.09553763157895,1.081522
1.054348,1.059783,1.06893578947368,1.081522
1.054348,1.059783,1.032895,1.081522
1.054348,1.059783,1.032609,1.081522
1.054348,1.08924515789474,1.032609,1.081522
1.054348,1.97654457894737,1.032609,1.081522
1.054348,2.0,1.032609,1.081522
1.054348,2.0,1.032609,1.081522
1.054348,2.0,1.032609,1.081522
1.054348,2.0,1.032609,1.081522
1.52316931578947,1.3016304,1.032609,1.081522
1.64759721052632,1.076087,1.032609,1.513444
1.03985516666667,1.076087,1.032609,2.0
1.07437057894737,1.076087,1.032609,2.0
1.68043475,1.076087,1.032609,2.0
1.09868410526316,1.076087,1.032609,2.0
1.070652,1.076087,1.032609,1.367849
1.070652,1.076087,1.032609,1.07093794736842
1.070652,1.076087,1.032609,1.086956
1.22940505263158,1.076087,1.032609,1.086956
1.04919905263158,1.076087,1.032609,1.086956
1.43535473684211,1.076087,1.032609,1.086956
1.78575521052632,1.076087,1.032609,1.086956
1.172769,1.076087,1.032609,1.086956
1.986413,1.076087,1.032609,1.086956
2.0,1.076087,1.032609,1.086956
2.0,1.076087,1.032609,1.086956
2.0,1.076087,1.032609,1.086956
2.0,1.076087,1.032609,1.086956
2.0,1.076087,1.04045916666667,1.086956
1.98970252631579,1.076087,1.054348,1.086956
1.26487410526316,1.076087,1.054348,1.19336368421053
1.076087,1.771739,1.054348,1.11563972222222
1.076087,2.0,1.054348,1.11413
1.076087,2.0,1.054348,1.11413
1.076087,2.0,1.054348,1.11413
1.076087,2.0,1.054348,1.11413
1.076087,2.0,1.054348,1.11413
1.076087,2.0,1.054348,1.11413
1.076087,1.3828804,1.054348,1.11413
1.076087,1.032609,1.054348,1.11413
1.076087,1.032609,1.054348,1.11413
1.076087,1.032609,1.054348,1.11413
1.076087,1.032609,1.054348,1.11413
1.076087,1.032609,1.054348,1.11413
1.076087,1.032609,1.054348,1.11413
1.076087,1.032609,1.054348,1.11413
1.076087,1.032609,1.054348,1.11413
1.076087,1.032609,1.054348,1.11413
1.076087,1.032609,1.054348,1.11413
1.076087,1.032609,1.054348,1.11413
1.076087,1.032609,1.054348,1.11413
1.076087,1.032609,1.054348,1.11413
1.076087,1.032609,1.054348,1.11413
1.076087,1.032609,1.054348,1.11413
1.076087,1.032609,1.054348,1.11413
1.076087,1.032609,1.054348,1.11413
1.076087,1.032609,1.054348,1.11413
1.076087,1.032609,1.054348,1.11413
1.076087,1.032609,1.054348,1.11413
1.076087,1.032609,1.054348,1.11413
1.076087,1.032609,1.054348,1.11413
1.076087,1.032609,1.054348,1.11413
1.076087,1.032609,1.054348,1.11413
1.076087,1.032609,1.054348,1.11413
1.076087,1.032609,1.054348,1.11413
1.076087,1.032609,1.054348,1.11413
1.076087,1.032609,1.054348,1.11413
1.076087,1.032609,1.054348,1.11413
1.076087,1.032609,1.054348,1.11413
1.076087,1.032609,1.054348,1.11413
1.076087,1.032609,1.054348,1.11413
1.076087,1.032609,1.054348,1.11413
1.076087,1.032609,1.054348,1.11413
1.076087,1.032609,1.054348,1.11413
1.076087,1.032609,1.054348,1.11413
1.076087,1.032609,1.054348,1.11413
1.076087,1.032609,1.054348,1.11413
1.076087,1.032609,1.054348,1.11413
1.076087,1.032609,1.054348,1.11413
1.076087,1.032609,1.054348,1.11413
1.076087,1.032609,1.054348,1.11413
1.076087,1.032609,1.054348,1.11413
1.076087,1.032609,1.054348,1.11413
1.076087,1.032609,1.054348,1.11413
1.076087,1.032609,1.054348,1.11413
1.076087,1.032609,1.054348,1.11413
1.076087,1.032609,1.27231131578947,1.11413
1.10125852631579,1.51430215789474,1.95509157894737,1.11413
1.21135238888889,1.19965652631579,1.13043478947369,1.11413
1.0502719,1.070652,1.076087,1.11413
1.054348,1.070652,1.076087,1.11413
1.054348,1.070652,1.076087,1.11413
1.054348,1.070652,1.076087,1.11413
1.054348,1.070652,1.076087,1.11413
1.054348,1.070652,1.076087,1.11413
1.054348,1.070652,1.076087,1.11413
1.054348,1.070652,1.076087,1.11413
1.054348,1.070652,1.076087,1.11413
1.054348,1.08237968421053,1.076087,1.15532
1.054348,1.77889010526316,1.076087,1.76687636842105
1.054348,1.09836945,1.076087,1.13329521052632
1.78089242105263,1.043478,1.076087,1.108696
1.84496563157895,1.043478,1.076087,1.108696
1.067331,1.043478,1.076087,1.108696
1.005435,1.043478,1.12070952631579,1.108696
1.005435,1.043478,1.157609,1.20080094736842
1.06407321052632,1.043478,1.157609,1.293478
1.141304,1.043478,1.157609,1.22482836842105
1.141304,1.043478,1.157609,1.195652
1.141304,1.84696789473684,1.157609,1.195652
1.141304,1.25257421052632,1.157609,1.195652
1.141304,1.04090415789474,1.157609,1.195652
1.141304,1.032609,1.157609,1.3807207368421
1.141304,1.032609,1.157609,1.99456521052632
1.141304,1.032609,1.157609,2.0
1.141304,1.032609,1.157609,2.0
1.141304,1.03975984210526,1.157609,1.87585810526316
1.141304,1.065217,1.157609,1.69651021052632
1.141304,1.065217,1.157609,1.56264294736842
1.141304,1.065217,1.157609,1.20594978947368
1.141304,1.065217,1.157609,1.130435
1.141304,1.065217,1.157609,1.130435
1.141304,1.065217,1.157609,1.130435
1.141304,1.065217,1.157609,1.130435
1.141304,1.065217,1.62099552631579,1.130435
1.141304,1.065217,2.0,1.130435
1.141304,1.065217,1.55163033333333,1.130435
1.141304,1.065217,1.05949673684211,1.130435
1.141304,1.065217,1.054348,1.19444455555556
1.141304,1.065217,1.054348,1.93907326315789
1.141304,1.065217,1.054348,2.0
1.15131552631579,1.065217,1.054348,2.0
1.19422215789474,1.065217,1.054348,2.0
1.12156736842105,1.065217,1.054348,1.52374131578947
1.119565,1.065217,1.054348,1.07093805263158
1.119565,1.065217,1.054348,1.070652
1.119565,1.065217,1.054348,1.070652
1.119565,1.065217,1.054348,1.31642494444444
1.119565,1.065217,1.054348,1.95027175
1.119565,1.065217,1.054348,1.19474622222222
1.119565,1.065217,1.054348,1.092391
1.119565,1.065217,1.054348,1.092391
1.119565,1.065217,1.054348,1.092391
1.119565,1.065217,1.054348,1.092391
1.119565,1.065217,1.054348,1.092391
1.119565,1.065217,1.054348,1.092391
1.119565,1.065217,1.054348,1.092391
1.119565,1.065217,1.054348,1.092391
1.119565,1.065217,1.054348,1.092391
1.119565,1.065217,1.054348,1.092391
1.119565,1.065217,1.054348,1.092391
1.119565,1.065217,1.054348,1.092391
1.119565,1.065217,1.48283763157895,1.092391
1.119565,1.065217,2.0,1.092391
1.03718521052632,1.065217,2.0,1.092391
1.021739,1.72139584210526,1.58937194444444,1.092391
1.021739,2.0,1.06779142105263,1.092391
1.021739,2.0,1.065217,1.092391
1.021739,1.38272315789474,1.065217,1.092391
1.021739,1.108696,1.065217,1.092391
1.021739,1.108696,1.065217,1.092391
1.021739,1.108696,1.065217,1.092391
1.021739,1.108696,1.065217,1.092391
1.021739,1.108696,1.065217,1.092391
1.021739,1.108696,1.065217,1.092391
1.021739,1.108696,1.065217,1.092391
1.021739,1.108696,1.065217,1.092391
1.86141305,1.108696,1.065217,1.092391
2.0,1.108696,1.065217,1.092391
2.0,1.108696,1.065217,1.092391
2.0,1.108696,1.065217,1.092391
2.0,1.108696,1.065217,1.26516005263158
1.35926773684211,1.108696,1.065217,1.986556
1.054348,1.108696,1.065217,2.0
1.054348,1.108696,1.065217,1.91075505263158
1.054348,1.108696,1.065217,1.20531416666667
1.054348,1.108696,1.065217,1.11098405263158
1.054348,1.108696,1.065217,1.097826
1.076087,1.108696,1.065217,1.097826
1.076087,1.108696,1.065217,1.097826
1.076087,1.108696,1.06636115789474,1.097826
1.076087,1.108696,1.10783784210526,1.097826
1.076087,1.108696,1.108696,1.097826
1.076087,1.108696,1.108696,1.097826
1.076087,1.108696,1.108696,1.097826
1.076087,1.108696,1.108696,1.097826
1.076087,1.108696,1.108696,1.097826
1.076087,1.108696,1.108696,1.097826
1.076087,1.108696,1.13157884210526,1.097826
1.076087,1.108696,1.141304,1.097826
1.076087,1.108696,1.141304,1.097826
1.076087,1.108696,1.141304,1.097826
1.076087,1.108696,1.141304,1.097826
1.076087,1.108696,1.141304,1.097826
1.076087,1.108696,1.141304,1.097826
1.076087,1.108696,1.141304,1.097826
1.076087,1.108696,1.141304,1.10983952631579
1.076087,1.108696,1.141304,1.11413
1.076087,1.108696,1.141304,1.11413
1.076087,1.108696,1.141304,1.11413
1.076087,1.108696,1.22253968421053,1.11413
1.076087,1.108696,1.23913,1.11413
1.076087,1.108696,1.23913,1.11413
1.076087,1.108696,1.23913,1.11413
1.076087,1.108696,1.23913,1.11413
1.076087,1.108696,1.23913,1.11413
1.076087,1.108696,1.23913,1.11413
1.076087,1.108696,1.23913,1.11413
1.076087,1.108696,1.23913,1.11413
1.076087,1.108696,1.23913,1.11413
1.076087,1.108696,1.23913,1.11413
1.076087,1.108696,1.23913,1.11413
